distance,task,isComparisonCorrect,workerId,isPercentCorrect,chart,time,dataSize,timeMid
0.08,COMP,1,A2G0H0EMDFSOZZ,1,WB,9.844,75,3.559
0.07,COMP,1,A2G0H0EMDFSOZZ,1,WB,5.438,300,2.208
0.08,COMP,1,A2G0H0EMDFSOZZ,1,WB,5.599,300,2.399
0.02,COMP,1,A2G0H0EMDFSOZZ,1,WB,7.866,75,2.942
0.03,COMP,1,A2G0H0EMDFSOZZ,1,WB,9.837,75,3.008
0.08,COMP,1,A2G0H0EMDFSOZZ,1,WB,6.946,75,2.101
0.08,COMP,1,A2G0H0EMDFSOZZ,1,WB,7.12,150,2.835
0.13,COMP,1,A2G0H0EMDFSOZZ,0,WB,4.775,300,2.339
0.03,COMP,1,A2G0H0EMDFSOZZ,1,WB,5.141,75,2.617
0.03,COMP,1,A2G0H0EMDFSOZZ,1,WB,5.058,300,2.286
0.07,COMP,1,A2G0H0EMDFSOZZ,1,WB,6.894,150,2.79
0.03,COMP,1,A2G0H0EMDFSOZZ,1,WB,5.059,150,2.243
0.03,COMP,1,A2G0H0EMDFSOZZ,1,WB,4.335,150,2.224
0.57,COMP,1,A2G0H0EMDFSOZZ,0,WB,4.875,150,2.324
0.03,COMP,1,A2G0H0EMDFSOZZ,1,WB,5.467,300,2.164
0.08,COMP,1,A2G0H0EMDFSOZZ,1,WB,5.095,75,3.598
0.03,COMP,1,A2G0H0EMDFSOZZ,1,WB,3.48,150,1.737
0.02,COMP,1,A2G0H0EMDFSOZZ,1,WB,4.987,300,1.543
0.02,COMP,1,A2G0H0EMDFSOZZ,1,WB,5.106,75,2.33
0.02,COMP,1,A2G0H0EMDFSOZZ,1,WB,5.017,300,2.101
0.02,COMP,1,A2G0H0EMDFSOZZ,1,WB,4.953,300,2.116
0.03,COMP,1,A2G0H0EMDFSOZZ,1,WB,4.223,150,2.387
0.07,COMP,1,A2G0H0EMDFSOZZ,1,WB,5.076,75,2.456
0.12,COMP,1,A2G0H0EMDFSOZZ,0,WB,4.168,150,1.643
0.02,COMP,1,A2G0H0EMDFSOZZ,1,WB,7.079,75,2.552
0.03,COMP,1,A2G0H0EMDFSOZZ,1,WB,4.362,150,1.805
0.03,COMP,1,A2G0H0EMDFSOZZ,1,WB,5.179,75,3.771
0.03,COMP,1,A2G0H0EMDFSOZZ,1,WB,6.562,300,3.906
0.13,COMP,1,A2G0H0EMDFSOZZ,0,WB,5.247,150,2.768
0.03,COMP,1,A2G0H0EMDFSOZZ,1,WB,4.233,300,1.954
0.07,COMP,1,A1YSYI926BBOHW,1,TM,9.342,75,4.152
0.03,COMP,1,A1YSYI926BBOHW,1,TM,7.533,150,2.673
0.03,COMP,1,A1YSYI926BBOHW,1,TM,6.499,75,3.259
0.08,COMP,1,A1YSYI926BBOHW,1,TM,9.271,300,2.498
0.02,COMP,1,A1YSYI926BBOHW,1,TM,5.687,75,3.671
0.03,COMP,1,A1YSYI926BBOHW,1,TM,4.813,300,2.346
0.07,COMP,1,A1YSYI926BBOHW,1,TM,7.267,150,2.062
0.07,COMP,1,A1YSYI926BBOHW,1,TM,5.368,300,2.256
0.13,COMP,1,A1YSYI926BBOHW,0,TM,5.207,75,2.092
0.03,COMP,1,A1YSYI926BBOHW,1,TM,4.979,75,2.031
0.03,COMP,1,A1YSYI926BBOHW,1,TM,5.067,75,2.022
0.08,COMP,1,A1YSYI926BBOHW,1,TM,5.811,75,2.263
0.07,COMP,1,A1YSYI926BBOHW,1,TM,5.463,300,2.232
0.03,COMP,1,A1YSYI926BBOHW,1,TM,6.446,75,2.186
0.07,COMP,1,A1YSYI926BBOHW,1,TM,6.003,300,2.334
0.13,COMP,1,A1YSYI926BBOHW,0,TM,4.898,150,2.249
0.02,COMP,1,A1YSYI926BBOHW,1,TM,5.849,150,2.286
0.03,COMP,1,A1YSYI926BBOHW,1,TM,5.329,300,2.127
0.18,COMP,1,A1YSYI926BBOHW,0,TM,4.834,150,2.448
0.07,COMP,1,A1YSYI926BBOHW,1,TM,6.262,150,2.294
0.07,COMP,1,A1YSYI926BBOHW,1,TM,4.702,150,2.137
0.03,COMP,1,A1YSYI926BBOHW,1,TM,4.906,300,2.184
0.03,COMP,1,A1YSYI926BBOHW,1,TM,3.691,150,2.632
0.03,COMP,1,A1YSYI926BBOHW,1,TM,5.666,75,2.126
0.07,COMP,1,A1YSYI926BBOHW,1,TM,5.189,150,2.317
0.07,COMP,1,A1YSYI926BBOHW,1,TM,5.684,300,2.347
0.03,COMP,1,A1YSYI926BBOHW,1,TM,6.738,150,1.903
0.03,COMP,0,A1YSYI926BBOHW,1,TM,6.887,300,5.671
0.03,COMP,1,A1YSYI926BBOHW,1,TM,3.552,300,2.127
0.17,COMP,1,A1YSYI926BBOHW,0,TM,3.999,75,2.108
0.18,COMP,1,A3D38UO96N9SB0,0,WB,8.68,75,2.097
0.33,COMP,1,A3D38UO96N9SB0,0,WB,11.715,300,3.555
0.03,COMP,1,A3D38UO96N9SB0,1,WB,4.64,300,2.457
0.03,COMP,1,A3D38UO96N9SB0,1,WB,4.166,75,1.886
0.08,COMP,1,A3D38UO96N9SB0,1,WB,5.211,300,2.308
0.02,COMP,1,A3D38UO96N9SB0,1,WB,4.171,150,1.996
0.08,COMP,1,A3D38UO96N9SB0,1,WB,4.799,75,1.991
0.07,COMP,1,A3D38UO96N9SB0,1,WB,4.204,75,2.388
0.22,COMP,1,A3D38UO96N9SB0,0,WB,4.699,150,2.107
0.07,COMP,1,A3D38UO96N9SB0,1,WB,5.4,300,2.023
0.12,COMP,1,A3D38UO96N9SB0,0,WB,5.253,150,2.636
0.02,COMP,1,A3D38UO96N9SB0,1,WB,4.71,150,1.927
0.07,COMP,1,A3D38UO96N9SB0,1,WB,3.871,300,2.071
0.07,COMP,1,A3D38UO96N9SB0,1,WB,5.788,150,2.109
0.07,COMP,1,A3D38UO96N9SB0,1,WB,4.515,300,2.068
0.03,COMP,1,A3D38UO96N9SB0,1,WB,4.548,150,2.1
0.03,COMP,1,A3D38UO96N9SB0,1,WB,4.578,300,2.403
0.03,COMP,1,A3D38UO96N9SB0,1,WB,4.773,75,1.972
0.07,COMP,1,A3D38UO96N9SB0,1,WB,4.535,300,2.423
0.08,COMP,1,A3D38UO96N9SB0,1,WB,3.828,300,2.042
0.13,COMP,1,A3D38UO96N9SB0,0,WB,4.361,75,3.272
0.07,COMP,1,A3D38UO96N9SB0,1,WB,4.328,150,2.343
0.03,COMP,1,A3D38UO96N9SB0,1,WB,4.935,150,2.343
0.02,COMP,1,A3D38UO96N9SB0,1,WB,3.572,150,1.908
0.03,COMP,1,A3D38UO96N9SB0,1,WB,5.273,150,3.713
0.08,COMP,1,A3D38UO96N9SB0,1,WB,3.787,75,2.5
0.03,COMP,1,A3D38UO96N9SB0,1,WB,4.115,75,2.315
0.07,COMP,1,A3D38UO96N9SB0,1,WB,4.091,300,2.315
0.02,COMP,1,A3D38UO96N9SB0,1,WB,3.944,75,1.881
0.02,COMP,1,A3D38UO96N9SB0,1,WB,3.17,75,2.099
0.02,COMP,1,A1AWHHBTJF1XCH,1,WB,14.017,300,4.678
0.02,COMP,1,A1AWHHBTJF1XCH,1,WB,11.844,300,3.743
0.12,COMP,1,A1AWHHBTJF1XCH,0,WB,8.184,300,4.293
0.03,COMP,1,A1AWHHBTJF1XCH,1,WB,16.146,150,3.801
0.03,COMP,1,A1AWHHBTJF1XCH,1,WB,6.243,300,3.356
0.03,COMP,1,A1AWHHBTJF1XCH,1,WB,10.041,75,2.794
0.03,COMP,1,A1AWHHBTJF1XCH,1,WB,5.707,150,3.32
0.03,COMP,1,A1AWHHBTJF1XCH,1,WB,14.685,150,3.843
0.03,COMP,1,A1AWHHBTJF1XCH,1,WB,6.885,300,2.925
0.03,COMP,1,A1AWHHBTJF1XCH,1,WB,10.749,75,6.632
0.03,COMP,1,A1AWHHBTJF1XCH,1,WB,8.415,150,3.86
0.03,COMP,1,A1AWHHBTJF1XCH,1,WB,9.091,300,6.045
0.08,COMP,1,A1AWHHBTJF1XCH,1,WB,10.77,150,3.63
0.17,COMP,1,A1AWHHBTJF1XCH,0,WB,7.452,75,2.652
0.03,COMP,1,A1AWHHBTJF1XCH,1,WB,7.328,300,3.736
0.13,COMP,1,A1AWHHBTJF1XCH,0,WB,6.684,300,3.286
0.03,COMP,1,A1AWHHBTJF1XCH,1,WB,6.71,150,3.347
0.07,COMP,1,A1AWHHBTJF1XCH,1,WB,8.027,75,3.528
0.03,COMP,1,A1AWHHBTJF1XCH,1,WB,8.202,75,3.013
0.02,COMP,1,A1AWHHBTJF1XCH,1,WB,11.05,150,3.201
0.03,COMP,1,A1AWHHBTJF1XCH,1,WB,10.107,75,2.905
0.03,COMP,1,A1AWHHBTJF1XCH,1,WB,6.622,75,3.624
0.03,COMP,1,A1AWHHBTJF1XCH,1,WB,8.376,150,3.439
0.17,COMP,1,A1AWHHBTJF1XCH,0,WB,9.607,150,3.55
0.12,COMP,1,A1AWHHBTJF1XCH,0,WB,14.221,300,3.413
0.03,COMP,1,A1AWHHBTJF1XCH,1,WB,5.684,150,2.592
0.02,COMP,1,A1AWHHBTJF1XCH,1,WB,10.571,75,3.363
0.03,COMP,1,A1AWHHBTJF1XCH,1,WB,8.143,75,2.164
0.03,COMP,1,A1AWHHBTJF1XCH,1,WB,4.588,300,2.811
0.02,COMP,1,A1AWHHBTJF1XCH,1,WB,7.084,75,3.42
0.02,COMP,1,A2YBZFSUD5OP7W,1,LL,11.943,150,3.875
0.03,COMP,1,A2YBZFSUD5OP7W,1,LL,16.667,75,7.345
0.03,COMP,1,A2YBZFSUD5OP7W,1,LL,10.255,300,5.709
0.07,COMP,1,A2YBZFSUD5OP7W,1,LL,8.044,300,6.142
0.03,COMP,1,A2YBZFSUD5OP7W,1,LL,6.836,150,3.53
0.02,COMP,1,A2YBZFSUD5OP7W,1,LL,9.742,150,3.915
0.17,COMP,1,A2YBZFSUD5OP7W,0,LL,10.164,150,4.79
0.03,COMP,1,A2YBZFSUD5OP7W,1,LL,8.75,75,3.768
0.08,COMP,1,A2YBZFSUD5OP7W,1,LL,10.368,300,6.007
0.02,COMP,1,A2YBZFSUD5OP7W,1,LL,7.183,150,4.335
0.08,COMP,1,A2YBZFSUD5OP7W,1,LL,10.831,150,5.628
0.18,COMP,1,A2YBZFSUD5OP7W,0,LL,16.242,300,8.386
0.02,COMP,1,A2YBZFSUD5OP7W,1,LL,9.265,75,3.79
0.03,COMP,1,A2YBZFSUD5OP7W,1,LL,7.119,300,5.879
0.02,COMP,1,A2YBZFSUD5OP7W,1,LL,11.202,75,5.312
0.07,COMP,1,A2YBZFSUD5OP7W,1,LL,7.934,75,4.496
0.03,COMP,1,A2YBZFSUD5OP7W,1,LL,10.89,150,6.116
0.07,COMP,1,A2YBZFSUD5OP7W,1,LL,8.031,150,4.53
0.08,COMP,1,A2YBZFSUD5OP7W,1,LL,7.146,300,5.292
0.02,COMP,1,A2YBZFSUD5OP7W,1,LL,9.017,300,7.154
0.03,COMP,1,A2YBZFSUD5OP7W,1,LL,6.518,75,3.336
0.02,COMP,1,A2YBZFSUD5OP7W,1,LL,7.114,300,4.791
0.03,COMP,1,A2YBZFSUD5OP7W,1,LL,11.104,300,5.143
0.07,COMP,1,A2YBZFSUD5OP7W,1,LL,6.989,300,5.507
0.17,COMP,1,A2YBZFSUD5OP7W,0,LL,9.289,75,3.227
0.03,COMP,1,A2YBZFSUD5OP7W,1,LL,7.553,150,3.371
0.12,COMP,1,A2YBZFSUD5OP7W,0,LL,8.173,75,3.821
0.03,COMP,1,A2YBZFSUD5OP7W,1,LL,6.082,75,2.782
0.13,COMP,1,A2YBZFSUD5OP7W,0,LL,6.52,150,5.141
0.08,COMP,1,A2YBZFSUD5OP7W,1,LL,9.29,75,3.649
0.27,COMP,1,AAURS65ZO4SXC,0,WB,25.841,300,7.969
0.02,COMP,1,AAURS65ZO4SXC,1,WB,11.694,300,2.569
0.03,COMP,1,AAURS65ZO4SXC,1,WB,10.465,150,3.712
0.07,COMP,1,AAURS65ZO4SXC,1,WB,10.954,75,2.772
0.02,COMP,1,AAURS65ZO4SXC,1,WB,7.527,150,4.925
0.68,COMP,1,AAURS65ZO4SXC,0,WB,10.569,75,3.159
0.03,COMP,1,AAURS65ZO4SXC,1,WB,6.894,300,4.039
0.13,COMP,1,AAURS65ZO4SXC,0,WB,12.814,300,3.041
0.02,COMP,1,AAURS65ZO4SXC,1,WB,11.752,150,3.508
0.08,COMP,1,AAURS65ZO4SXC,1,WB,13.948,150,3.33
0.02,COMP,1,AAURS65ZO4SXC,1,WB,12.369,75,4.319
0.03,COMP,1,AAURS65ZO4SXC,1,WB,13.21,300,3.178
0.03,COMP,1,AAURS65ZO4SXC,1,WB,8.442,150,3.079
0.23,COMP,1,AAURS65ZO4SXC,0,WB,12.641,75,2.151
0.02,COMP,1,AAURS65ZO4SXC,1,WB,4.576,75,2.152
0.12,COMP,1,AAURS65ZO4SXC,0,WB,6.633,300,4.11
0.02,COMP,1,AAURS65ZO4SXC,1,WB,13.948,150,2.076
0.03,COMP,1,AAURS65ZO4SXC,1,WB,13.857,150,2.73
0.02,COMP,1,AAURS65ZO4SXC,1,WB,9.677,75,2.972
0.13,COMP,1,AAURS65ZO4SXC,0,WB,11.571,300,3.177
0.03,COMP,1,AAURS65ZO4SXC,1,WB,10.382,75,2.613
0.07,COMP,1,AAURS65ZO4SXC,1,WB,5.976,75,2.897
0.08,COMP,1,AAURS65ZO4SXC,1,WB,11.61,300,3.622
0.08,COMP,1,AAURS65ZO4SXC,1,WB,8.648,150,2.527
0.07,COMP,1,AAURS65ZO4SXC,1,WB,6.807,300,2.695
0.03,COMP,1,AAURS65ZO4SXC,1,WB,8.91,150,2.581
0.02,COMP,1,AAURS65ZO4SXC,1,WB,15.581,75,2.22
0.03,COMP,1,AAURS65ZO4SXC,1,WB,8.722,150,2.313
0.03,COMP,1,AAURS65ZO4SXC,1,WB,15.242,75,3.45
0.07,COMP,1,AAURS65ZO4SXC,1,WB,6.035,300,2.538
0.12,COMP,1,A31CYXT7WHIG2B,0,KB,5.456,75,3.592
0.02,COMP,1,A31CYXT7WHIG2B,1,KB,5.142,75,3.312
0.07,COMP,1,A31CYXT7WHIG2B,1,KB,5.488,150,3.72
0.07,COMP,1,A31CYXT7WHIG2B,1,KB,4.378,300,3.106
0.07,COMP,1,A31CYXT7WHIG2B,1,KB,5.7,75,4.646
0.08,COMP,1,A31CYXT7WHIG2B,1,KB,5.06,75,3.99
0.03,COMP,1,A31CYXT7WHIG2B,1,KB,5.12,150,3.74
0.18,COMP,1,A31CYXT7WHIG2B,0,KB,3.97,300,2.618
0.12,COMP,1,A31CYXT7WHIG2B,0,KB,4.442,75,2.402
0.07,COMP,1,A31CYXT7WHIG2B,1,KB,4.772,150,3.002
0.03,COMP,1,A31CYXT7WHIG2B,1,KB,4.766,75,3.592
0.02,COMP,1,A31CYXT7WHIG2B,1,KB,4.432,300,2.476
0.17,COMP,1,A31CYXT7WHIG2B,0,KB,4.538,75,3.318
0.03,COMP,1,A31CYXT7WHIG2B,1,KB,3.83,150,2.266
0.07,COMP,1,A31CYXT7WHIG2B,1,KB,4.51,150,2.55
0.22,COMP,1,A31CYXT7WHIG2B,0,KB,3.984,300,2.55
0.08,COMP,1,A31CYXT7WHIG2B,1,KB,3.764,150,2.536
0.02,COMP,1,A31CYXT7WHIG2B,1,KB,5.37,300,3.488
0.13,COMP,1,A31CYXT7WHIG2B,0,KB,3.9,75,2.462
0.02,COMP,1,A31CYXT7WHIG2B,1,KB,3.788,75,2.522
0.07,COMP,1,A31CYXT7WHIG2B,1,KB,4.328,300,2.164
0.22,COMP,1,A31CYXT7WHIG2B,0,KB,5.338,150,2.374
0.03,COMP,1,A31CYXT7WHIG2B,1,KB,3.63,150,2.368
0.12,COMP,1,A31CYXT7WHIG2B,0,KB,5.032,75,3.934
0.08,COMP,1,A31CYXT7WHIG2B,1,KB,3.762,300,2.266
0.37,COMP,1,A31CYXT7WHIG2B,0,KB,4.816,300,3.1
0.13,COMP,1,A31CYXT7WHIG2B,0,KB,4.944,150,3.762
0.38,COMP,1,A31CYXT7WHIG2B,0,KB,5.29,300,3.664
0.07,COMP,1,A31CYXT7WHIG2B,1,KB,4.13,300,2.568
0.18,COMP,1,A31CYXT7WHIG2B,0,KB,4.202,150,2.908
0.03,COMP,1,A24H4D0R8B7LBM,1,KB,7.82,300,3.67
0.03,COMP,1,A24H4D0R8B7LBM,1,KB,7.293,300,5.261
0.02,COMP,1,A24H4D0R8B7LBM,1,KB,7.871,300,3.411
0.02,COMP,1,A24H4D0R8B7LBM,1,KB,5.987,300,2.878
0.03,COMP,1,A24H4D0R8B7LBM,1,KB,5.201,150,2.114
0.07,COMP,1,A24H4D0R8B7LBM,1,KB,7.846,150,4.491
0.02,COMP,1,A24H4D0R8B7LBM,1,KB,7.032,150,4.803
0.03,COMP,1,A24H4D0R8B7LBM,1,KB,7.994,75,3.337
0.03,COMP,1,A24H4D0R8B7LBM,1,KB,8.686,300,6.168
0.03,COMP,1,A24H4D0R8B7LBM,1,KB,5.265,150,3.075
0.02,COMP,1,A24H4D0R8B7LBM,1,KB,9.151,150,3.094
0.02,COMP,1,A24H4D0R8B7LBM,1,KB,7.936,300,4.314
0.02,COMP,1,A24H4D0R8B7LBM,1,KB,10.583,75,2.367
0.02,COMP,1,A24H4D0R8B7LBM,1,KB,8.021,150,3.758
0.02,COMP,1,A24H4D0R8B7LBM,1,KB,6.119,300,3.422
0.02,COMP,1,A24H4D0R8B7LBM,1,KB,6.878,75,2.578
0.12,COMP,1,A24H4D0R8B7LBM,0,KB,5.465,300,2.059
0.03,COMP,1,A24H4D0R8B7LBM,1,KB,6.125,150,2.31
0.02,COMP,1,A24H4D0R8B7LBM,1,KB,7.912,75,3.502
0.07,COMP,1,A24H4D0R8B7LBM,1,KB,8.211,150,3.354
0.02,COMP,1,A24H4D0R8B7LBM,1,KB,6.641,75,3.794
0.03,COMP,1,A24H4D0R8B7LBM,1,KB,6.671,300,4.866
0.03,COMP,1,A24H4D0R8B7LBM,1,KB,5.119,300,3.44
0.02,COMP,1,A24H4D0R8B7LBM,1,KB,9.375,75,3.019
0.08,COMP,1,A24H4D0R8B7LBM,1,KB,6.642,75,2.134
0.08,COMP,1,A24H4D0R8B7LBM,1,KB,5.421,75,3.175
0.03,COMP,1,A24H4D0R8B7LBM,1,KB,5.164,150,2.311
0.02,COMP,1,A24H4D0R8B7LBM,1,KB,6.842,75,2.57
0.02,COMP,1,A24H4D0R8B7LBM,1,KB,5.433,150,2.436
0.03,COMP,1,A24H4D0R8B7LBM,1,KB,9.192,75,2.82
0.02,COMP,1,A4IH4CO046EV3,1,PB,10.838,300,2.79
0.03,COMP,1,A4IH4CO046EV3,1,PB,4.994,150,2.132
0.02,COMP,1,A4IH4CO046EV3,1,PB,5.201,150,2.31
0.02,COMP,1,A4IH4CO046EV3,1,PB,5.536,300,2.688
0.02,COMP,1,A4IH4CO046EV3,1,PB,3.608,75,1.981
0.03,COMP,1,A4IH4CO046EV3,1,PB,4.238,300,2.033
0.02,COMP,1,A4IH4CO046EV3,1,PB,3.34,150,2.089
0.07,COMP,1,A4IH4CO046EV3,1,PB,4.032,75,2.227
0.02,COMP,1,A4IH4CO046EV3,1,PB,3.613,150,2.027
0.02,COMP,1,A4IH4CO046EV3,1,PB,4.241,150,1.976
0.03,COMP,1,A4IH4CO046EV3,1,PB,4.533,300,1.242
0.08,COMP,1,A4IH4CO046EV3,1,PB,4.255,75,1.862
0.07,COMP,1,A4IH4CO046EV3,1,PB,4.214,150,2.049
0.03,COMP,1,A4IH4CO046EV3,1,PB,5.118,150,2.734
0.07,COMP,1,A4IH4CO046EV3,1,PB,3.468,300,1.982
0.13,COMP,1,A4IH4CO046EV3,0,PB,4.285,75,2.278
0.02,COMP,1,A4IH4CO046EV3,1,PB,5.344,75,1.992
0.02,COMP,1,A4IH4CO046EV3,1,PB,5.175,300,1.985
0.08,COMP,1,A4IH4CO046EV3,1,PB,3.907,150,2.203
0.08,COMP,1,A4IH4CO046EV3,1,PB,4.747,300,2.957
0.02,COMP,1,A4IH4CO046EV3,1,PB,5.005,300,2.485
0.08,COMP,1,A4IH4CO046EV3,1,PB,4.234,300,2.442
0.18,COMP,1,A4IH4CO046EV3,0,PB,3.982,150,1.677
0.03,COMP,1,A4IH4CO046EV3,1,PB,3.442,75,1.816
0.02,COMP,1,A4IH4CO046EV3,1,PB,4.467,75,1.771
0.02,COMP,1,A4IH4CO046EV3,1,PB,3.837,75,1.929
0.08,COMP,1,A4IH4CO046EV3,1,PB,3.788,75,1.927
0.23,COMP,1,A4IH4CO046EV3,0,PB,4.162,150,1.996
0.03,COMP,1,A4IH4CO046EV3,1,PB,3.992,75,2.67
0.03,COMP,1,A4IH4CO046EV3,1,PB,3.385,300,2.517
0.47,COMP,1,A14ADQ7RUN6TDY,0,KB,17.871,300,7.404
0.32,COMP,1,A14ADQ7RUN6TDY,0,KB,16.166,75,5.631
0.03,COMP,1,A14ADQ7RUN6TDY,1,KB,15.716,300,4.82
0.03,COMP,1,A14ADQ7RUN6TDY,1,KB,15.414,150,3.924
0.18,COMP,1,A14ADQ7RUN6TDY,0,KB,5.51,75,2.991
0.37,COMP,1,A14ADQ7RUN6TDY,0,KB,14.088,300,2.506
0.02,COMP,1,A14ADQ7RUN6TDY,1,KB,4.738,150,3.334
0.07,COMP,1,A14ADQ7RUN6TDY,1,KB,11.667,150,3.706
0.03,COMP,1,A14ADQ7RUN6TDY,1,KB,8.123,150,3.819
0.22,COMP,1,A14ADQ7RUN6TDY,0,KB,14.912,75,3.542
0.02,COMP,1,A14ADQ7RUN6TDY,1,KB,10.098,300,5.48
0.33,COMP,1,A14ADQ7RUN6TDY,0,KB,10.319,75,6.139
0.32,COMP,0,A14ADQ7RUN6TDY,0,KB,8.86,150,4.556
0.18,COMP,1,A14ADQ7RUN6TDY,0,KB,10.279,300,3.032
0.02,COMP,1,A14ADQ7RUN6TDY,1,KB,7.212,150,2.408
0.07,COMP,1,A14ADQ7RUN6TDY,1,KB,11.312,300,6.464
0.13,COMP,1,A14ADQ7RUN6TDY,0,KB,10.825,150,5.234
0.02,COMP,1,A14ADQ7RUN6TDY,1,KB,5.598,150,2.408
0.03,COMP,1,A14ADQ7RUN6TDY,1,KB,13.3,75,2.414
0.02,COMP,1,A14ADQ7RUN6TDY,1,KB,11.233,150,2.709
0.08,COMP,1,A14ADQ7RUN6TDY,1,KB,14.714,75,8.802
0.02,COMP,1,A14ADQ7RUN6TDY,1,KB,10.391,75,3.779
0.57,COMP,1,A14ADQ7RUN6TDY,0,KB,6.664,300,4.217
0.03,COMP,1,A14ADQ7RUN6TDY,1,KB,7.079,75,2.706
0.03,COMP,1,A14ADQ7RUN6TDY,1,KB,20.689,75,3.782
0.02,COMP,1,A14ADQ7RUN6TDY,1,KB,9.513,300,3.913
0.02,COMP,1,A14ADQ7RUN6TDY,1,KB,7.62,75,2.152
0.08,COMP,1,A14ADQ7RUN6TDY,1,KB,9.337,300,3.413
0.03,COMP,1,A14ADQ7RUN6TDY,1,KB,8.158,300,4.97
0.18,COMP,1,A14ADQ7RUN6TDY,0,KB,6.944,150,3.319
0.03,COMP,1,A1T9KDKDFO114S,1,PB,11.025,300,2.758
0.08,COMP,1,A1T9KDKDFO114S,1,PB,14.471,150,4.885
0.08,COMP,1,A1T9KDKDFO114S,1,PB,14.294,150,6.168
0.07,COMP,1,A1T9KDKDFO114S,1,PB,15.213,300,3.935
0.03,COMP,1,A1T9KDKDFO114S,1,PB,10.802,300,6.13
0.02,COMP,1,A1T9KDKDFO114S,1,PB,17.208,150,6.427
0.03,COMP,1,A1T9KDKDFO114S,1,PB,19.659,150,4.999
0.02,COMP,1,A1T9KDKDFO114S,1,PB,13.241,300,5.523
0.03,COMP,1,A1T9KDKDFO114S,1,PB,23.571,75,4.393
0.18,COMP,1,A1T9KDKDFO114S,0,PB,14.635,75,5.205
0.07,COMP,1,A1T9KDKDFO114S,1,PB,11.308,75,3.31
0.08,COMP,1,A1T9KDKDFO114S,1,PB,14.499,75,4.015
0.02,COMP,1,A1T9KDKDFO114S,1,PB,13.155,75,4.678
0.03,COMP,1,A1T9KDKDFO114S,1,PB,8.41,150,4.909
0.27,COMP,1,A1T9KDKDFO114S,0,PB,15.829,300,6.138
0.08,COMP,1,A1T9KDKDFO114S,1,PB,12.666,300,8.338
0.08,COMP,1,A1T9KDKDFO114S,1,PB,9.019,75,3.507
0.02,COMP,1,A1T9KDKDFO114S,1,PB,9.093,150,3.875
0.02,COMP,1,A1T9KDKDFO114S,1,PB,11.194,300,4.698
0.03,COMP,1,A1T9KDKDFO114S,1,PB,8.196,150,4.327
0.03,COMP,1,A1T9KDKDFO114S,1,PB,8.945,75,4.674
0.03,COMP,1,A1T9KDKDFO114S,1,PB,10.317,75,3.873
0.02,COMP,1,A1T9KDKDFO114S,1,PB,15.185,300,3.293
0.32,COMP,1,A1T9KDKDFO114S,0,PB,11.533,75,3.478
0.07,COMP,1,A1T9KDKDFO114S,1,PB,8.209,150,3.737
0.08,COMP,1,A1T9KDKDFO114S,1,PB,12.393,75,6.767
0.07,COMP,1,A1T9KDKDFO114S,1,PB,13.441,300,5.489
0.32,COMP,1,A1T9KDKDFO114S,0,PB,14.309,150,4.956
0.02,COMP,1,A1T9KDKDFO114S,1,PB,13.573,150,5.365
0.02,COMP,1,A1T9KDKDFO114S,1,PB,12.304,300,3.447
0.58,COMP,0,A3M375MH6PVACZ,0,ZP,6.726,150,4.228
0.47,COMP,1,A3M375MH6PVACZ,0,ZP,6.301,150,2.98
0.33,COMP,1,A3M375MH6PVACZ,0,ZP,5.506,75,2.877
0.27,COMP,1,A3M375MH6PVACZ,0,ZP,3.983,150,2.319
0.58,COMP,1,A3M375MH6PVACZ,0,ZP,7.713,75,2.169
0.32,COMP,1,A3M375MH6PVACZ,0,ZP,11.696,150,2.531
0.07,COMP,1,A3M375MH6PVACZ,1,ZP,8.298,300,4.492
0.03,COMP,1,A3M375MH6PVACZ,1,ZP,6.996,300,2.441
0.12,COMP,1,A3M375MH6PVACZ,0,ZP,8.092,75,6.13
0.07,COMP,1,A3M375MH6PVACZ,1,ZP,5.594,150,4.557
0.22,COMP,0,A3M375MH6PVACZ,0,ZP,8.32,75,6.121
0.62,COMP,1,A3M375MH6PVACZ,0,ZP,6.653,75,5.231
0.58,COMP,1,A3M375MH6PVACZ,0,ZP,23.567,75,5.89
0.02,COMP,1,A3M375MH6PVACZ,1,ZP,21.615,300,7.395
0.57,COMP,1,A3M375MH6PVACZ,0,ZP,10.47,300,4.485
0.28,COMP,1,A3M375MH6PVACZ,0,ZP,11.48,150,3.53
0.73,COMP,1,A3M375MH6PVACZ,0,ZP,5.255,300,2.5
0.77,COMP,1,A3M375MH6PVACZ,0,ZP,5.859,300,3.848
0.52,COMP,1,A3M375MH6PVACZ,0,ZP,8.119,150,2.551
0.53,COMP,1,A3M375MH6PVACZ,0,ZP,14.094,300,2.44
0.03,COMP,1,A3M375MH6PVACZ,1,ZP,4.293,150,2.276
0.02,COMP,1,A3M375MH6PVACZ,1,ZP,4.454,75,2.303
0.12,COMP,1,A3M375MH6PVACZ,0,ZP,4.419,75,2.543
0.32,COMP,1,A3M375MH6PVACZ,0,ZP,4.254,300,2.041
0.03,COMP,1,A3M375MH6PVACZ,1,ZP,7.155,75,1.822
0.52,COMP,1,A3M375MH6PVACZ,0,ZP,5.737,150,2.064
0.57,COMP,1,A3M375MH6PVACZ,0,ZP,4.717,300,2.806
0.03,COMP,1,A3M375MH6PVACZ,1,ZP,3.575,150,1.905
0.03,COMP,1,A3M375MH6PVACZ,1,ZP,7.343,300,4.582
0.02,COMP,1,A3M375MH6PVACZ,1,ZP,3.525,75,2.217
0.03,COMP,1,A2YGAEODJ5SSF6,1,LL,12.926,75,4.482
0.12,COMP,1,A2YGAEODJ5SSF6,0,LL,17.791,300,7.512
0.07,COMP,1,A2YGAEODJ5SSF6,1,LL,19.354,150,6.543
0.12,COMP,1,A2YGAEODJ5SSF6,0,LL,8.729,75,5.355
0.03,COMP,1,A2YGAEODJ5SSF6,1,LL,7.034,150,5.378
0.03,COMP,1,A2YGAEODJ5SSF6,1,LL,25.565,300,12.785
0.08,COMP,1,A2YGAEODJ5SSF6,1,LL,10.241,75,4.351
0.03,COMP,1,A2YGAEODJ5SSF6,1,LL,17.852,300,7.196
0.07,COMP,1,A2YGAEODJ5SSF6,1,LL,18.365,300,8.451
0.07,COMP,1,A2YGAEODJ5SSF6,1,LL,11.039,300,3.081
0.07,COMP,1,A2YGAEODJ5SSF6,1,LL,12.66,150,7.668
0.08,COMP,1,A2YGAEODJ5SSF6,1,LL,16.55,300,12.371
0.02,COMP,1,A2YGAEODJ5SSF6,1,LL,20.101,300,5.994
0.03,COMP,1,A2YGAEODJ5SSF6,1,LL,12.621,300,4.026
0.08,COMP,1,A2YGAEODJ5SSF6,1,LL,8.651,75,3.964
0.03,COMP,1,A2YGAEODJ5SSF6,1,LL,7.06,75,4.593
0.02,COMP,1,A2YGAEODJ5SSF6,1,LL,9.837,75,3.534
0.07,COMP,1,A2YGAEODJ5SSF6,1,LL,13.205,150,4.361
0.02,COMP,1,A2YGAEODJ5SSF6,1,LL,13.984,150,6.282
0.23,COMP,1,A2YGAEODJ5SSF6,0,LL,16.089,150,6.254
0.03,COMP,1,A2YGAEODJ5SSF6,1,LL,8.793,300,5.458
0.08,COMP,1,A2YGAEODJ5SSF6,1,LL,10.062,150,3.993
0.08,COMP,1,A2YGAEODJ5SSF6,1,LL,22.908,300,15.561
0.08,COMP,1,A2YGAEODJ5SSF6,1,LL,14.036,75,4.709
0.13,COMP,1,A2YGAEODJ5SSF6,0,LL,12.238,150,5.725
0.03,COMP,1,A2YGAEODJ5SSF6,1,LL,10.498,75,6.356
0.08,COMP,1,A2YGAEODJ5SSF6,1,LL,18.148,150,14.507
0.02,COMP,1,A2YGAEODJ5SSF6,1,LL,9.549,75,5.221
0.02,COMP,1,A2YGAEODJ5SSF6,1,LL,9.947,75,3.261
0.17,COMP,1,A2YGAEODJ5SSF6,0,LL,10.667,150,4.746
0.18,COMP,1,A3F0NFNLOLFJT0,0,TM,6.41,300,3.897
0.08,COMP,1,A3F0NFNLOLFJT0,1,TM,6.137,75,3.423
0.07,COMP,1,A3F0NFNLOLFJT0,1,TM,5.887,300,2.594
0.17,COMP,1,A3F0NFNLOLFJT0,0,TM,5.964,75,2.768
0.02,COMP,1,A3F0NFNLOLFJT0,1,TM,5.489,300,2.869
0.08,COMP,1,A3F0NFNLOLFJT0,1,TM,5.144,150,2.909
0.37,COMP,1,A3F0NFNLOLFJT0,0,TM,4.987,150,2.4
0.27,COMP,1,A3F0NFNLOLFJT0,0,TM,4.022,150,2.093
0.03,COMP,1,A3F0NFNLOLFJT0,1,TM,5.992,150,3.162
0.13,COMP,1,A3F0NFNLOLFJT0,0,TM,4.859,150,3.083
0.02,COMP,1,A3F0NFNLOLFJT0,1,TM,5.837,300,3.264
0.17,COMP,1,A3F0NFNLOLFJT0,0,TM,6.016,75,1.921
0.02,COMP,1,A3F0NFNLOLFJT0,1,TM,5.046,150,2.262
0.12,COMP,1,A3F0NFNLOLFJT0,0,TM,4.286,300,2.71
0.13,COMP,1,A3F0NFNLOLFJT0,0,TM,4.482,75,2.622
0.03,COMP,1,A3F0NFNLOLFJT0,1,TM,5.728,150,3.888
0.17,COMP,1,A3F0NFNLOLFJT0,0,TM,4.729,75,2.139
0.23,COMP,1,A3F0NFNLOLFJT0,0,TM,4.652,150,2.651
0.02,COMP,1,A3F0NFNLOLFJT0,1,TM,4.418,300,2.239
0.02,COMP,1,A3F0NFNLOLFJT0,1,TM,5.188,75,2.602
0.12,COMP,1,A3F0NFNLOLFJT0,0,TM,4.215,150,2.366
0.17,COMP,1,A3F0NFNLOLFJT0,0,TM,5.44,300,2.325
0.02,COMP,1,A3F0NFNLOLFJT0,1,TM,6.234,75,2.433
0.07,COMP,1,A3F0NFNLOLFJT0,1,TM,4.229,150,2.716
0.28,COMP,1,A3F0NFNLOLFJT0,0,TM,4.048,75,2.496
0.37,COMP,1,A3F0NFNLOLFJT0,0,TM,6.102,300,3.262
0.03,COMP,1,A3F0NFNLOLFJT0,1,TM,6.46,300,2.997
0.18,COMP,1,A3F0NFNLOLFJT0,0,TM,4.791,300,3.19
0.02,COMP,1,A3F0NFNLOLFJT0,1,TM,6.426,75,2.788
0.13,COMP,1,A3F0NFNLOLFJT0,0,TM,5.992,75,3.773
0.23,COMP,1,A3U7FRXVDY12RJ,0,PB,15.649,75,7.818
0.02,COMP,1,A3U7FRXVDY12RJ,1,PB,14.958,75,4.787
0.07,COMP,1,A3U7FRXVDY12RJ,1,PB,12.008,150,4.677
0.02,COMP,1,A3U7FRXVDY12RJ,1,PB,12.182,75,5.321
0.02,COMP,1,A3U7FRXVDY12RJ,1,PB,7.576,75,2.919
0.03,COMP,1,A3U7FRXVDY12RJ,1,PB,5.429,300,4.177
0.02,COMP,1,A3U7FRXVDY12RJ,1,PB,6.895,150,4.859
0.03,COMP,1,A3U7FRXVDY12RJ,1,PB,7.07,75,4.03
0.02,COMP,1,A3U7FRXVDY12RJ,1,PB,5.557,75,3.147
0.03,COMP,1,A3U7FRXVDY12RJ,1,PB,8.222,300,2.746
0.08,COMP,1,A3U7FRXVDY12RJ,1,PB,11.732,150,4.033
0.03,COMP,1,A3U7FRXVDY12RJ,1,PB,8.082,150,4.061
0.07,COMP,1,A3U7FRXVDY12RJ,1,PB,8.232,300,3.448
0.12,COMP,1,A3U7FRXVDY12RJ,0,PB,37.713,300,4.527
0.02,COMP,1,A3U7FRXVDY12RJ,1,PB,7.544,150,3.358
0.03,COMP,1,A3U7FRXVDY12RJ,1,PB,8.272,150,4.946
0.02,COMP,1,A3U7FRXVDY12RJ,1,PB,9.565,300,3.591
0.03,COMP,1,A3U7FRXVDY12RJ,1,PB,6.859,150,4.187
0.08,COMP,1,A3U7FRXVDY12RJ,1,PB,10.98,75,3.978
0.03,COMP,1,A3U7FRXVDY12RJ,1,PB,12.035,75,3.856
0.02,COMP,1,A3U7FRXVDY12RJ,1,PB,7.441,300,2.476
0.07,COMP,1,A3U7FRXVDY12RJ,1,PB,12.041,300,3.019
0.03,COMP,1,A3U7FRXVDY12RJ,1,PB,8.585,150,2.584
0.03,COMP,1,A3U7FRXVDY12RJ,1,PB,7.607,75,2.269
0.02,COMP,1,A3U7FRXVDY12RJ,1,PB,6.225,300,2.386
0.02,COMP,1,A3U7FRXVDY12RJ,1,PB,4.751,75,2.208
0.03,COMP,1,A3U7FRXVDY12RJ,1,PB,4.246,150,2.442
0.02,COMP,1,A3U7FRXVDY12RJ,1,PB,6.774,150,2.417
0.02,COMP,1,A3U7FRXVDY12RJ,1,PB,5.953,300,2.302
0.02,COMP,1,A3U7FRXVDY12RJ,1,PB,10.259,300,2.573
0.03,COMP,1,A2OXXHGAM7B0Y,1,ZP,21.492,300,4.124
0.03,COMP,1,A2OXXHGAM7B0Y,1,ZP,10.592,150,1.984
0.13,COMP,1,A2OXXHGAM7B0Y,0,ZP,6.414,75,4.502
0.02,COMP,1,A2OXXHGAM7B0Y,1,ZP,7.545,300,2.842
0.02,COMP,1,A2OXXHGAM7B0Y,1,ZP,7.576,300,2.842
0.07,COMP,1,A2OXXHGAM7B0Y,1,ZP,5.572,300,2.285
0.02,COMP,1,A2OXXHGAM7B0Y,1,ZP,9.643,75,2.045
0.18,COMP,1,A2OXXHGAM7B0Y,0,ZP,5.405,150,2.404
0.02,COMP,1,A2OXXHGAM7B0Y,1,ZP,4.342,300,2.222
0.07,COMP,1,A2OXXHGAM7B0Y,1,ZP,6.884,150,2.454
0.03,COMP,1,A2OXXHGAM7B0Y,1,ZP,6.603,150,1.772
0.03,COMP,1,A2OXXHGAM7B0Y,1,ZP,3.74,300,2.068
0.03,COMP,1,A2OXXHGAM7B0Y,1,ZP,6.336,75,2.585
0.03,COMP,1,A2OXXHGAM7B0Y,1,ZP,5.869,75,2.796
0.03,COMP,1,A2OXXHGAM7B0Y,1,ZP,5.82,150,3.093
0.03,COMP,1,A2OXXHGAM7B0Y,1,ZP,5.836,150,3.093
0.03,COMP,1,A2OXXHGAM7B0Y,1,ZP,4.54,300,2.445
0.07,COMP,1,A2OXXHGAM7B0Y,1,ZP,7.207,150,2.968
0.02,COMP,1,A2OXXHGAM7B0Y,1,ZP,8.736,300,6.168
0.07,COMP,1,A2OXXHGAM7B0Y,1,ZP,5.247,75,2.135
0.03,COMP,1,A2OXXHGAM7B0Y,1,ZP,5.624,75,2.673
0.02,COMP,1,A2OXXHGAM7B0Y,1,ZP,6.146,75,2.834
0.03,COMP,1,A2OXXHGAM7B0Y,1,ZP,5.354,150,2.09
0.07,COMP,1,A2OXXHGAM7B0Y,1,ZP,6.562,300,1.938
0.03,COMP,1,A2OXXHGAM7B0Y,1,ZP,5.966,300,2.069
0.08,COMP,1,A2OXXHGAM7B0Y,1,ZP,7.462,300,2.007
0.02,COMP,1,A2OXXHGAM7B0Y,1,ZP,5.395,150,2.289
0.02,COMP,1,A2OXXHGAM7B0Y,1,ZP,5.41,150,2.289
0.07,COMP,1,A2OXXHGAM7B0Y,1,ZP,4.168,150,2.537
0.28,COMP,1,A1UL0HQUZQPMSX,0,PB,1.787,300,1.141
0.38,COMP,1,A1UL0HQUZQPMSX,0,PB,0.083,300,1.141
0.18,COMP,1,A1UL0HQUZQPMSX,0,PB,1.719,150,1.228
0.22,COMP,1,A1UL0HQUZQPMSX,0,PB,1.772,75,1.162
0.07,COMP,0,A1UL0HQUZQPMSX,1,PB,2.183,300,1.739
0.02,COMP,0,A1UL0HQUZQPMSX,1,PB,2.896,150,2.393
0.27,COMP,1,A1UL0HQUZQPMSX,0,PB,2.0,150,1.375
0.27,COMP,0,A1UL0HQUZQPMSX,0,PB,2.334,150,1.168
0.23,COMP,1,A1UL0HQUZQPMSX,0,PB,2.692,300,1.609
0.17,COMP,0,A1UL0HQUZQPMSX,0,PB,2.855,150,1.29
0.12,COMP,0,A1UL0HQUZQPMSX,0,PB,2.028,150,1.164
0.13,COMP,0,A1UL0HQUZQPMSX,0,PB,3.241,150,1.872
0.02,COMP,1,A1UL0HQUZQPMSX,1,PB,2.629,75,1.503
0.08,COMP,1,A1UL0HQUZQPMSX,1,PB,2.05,300,1.642
0.07,COMP,0,A1UL0HQUZQPMSX,1,PB,0.34,300,1.642
0.33,COMP,1,A1UL0HQUZQPMSX,0,PB,1.955,75,1.598
0.42,COMP,1,A1UL0HQUZQPMSX,0,PB,2.735,300,2.139
0.42,COMP,1,A1UL0HQUZQPMSX,0,PB,2.009,300,1.131
0.63,COMP,1,A1UL0HQUZQPMSX,0,PB,3.53,150,2.475
0.47,COMP,0,A1UL0HQUZQPMSX,0,PB,3.302,150,2.467
0.37,COMP,0,A1UL0HQUZQPMSX,0,PB,1.362,150,0.885
0.23,COMP,0,A1UL0HQUZQPMSX,0,PB,0.158,75,0.885
0.42,COMP,0,A1UL0HQUZQPMSX,0,PB,2.673,75,2.212
0.67,COMP,1,A1UL0HQUZQPMSX,0,PB,2.142,300,1.275
0.32,COMP,0,A1UL0HQUZQPMSX,0,PB,1.856,75,1.464
0.23,COMP,1,A1UL0HQUZQPMSX,0,PB,1.761,75,1.142
0.03,COMP,0,A1UL0HQUZQPMSX,1,PB,1.817,75,1.514
0.22,COMP,0,A1UL0HQUZQPMSX,0,PB,1.935,300,1.258
0.27,COMP,0,A1UL0HQUZQPMSX,0,PB,1.821,75,1.45
0.27,COMP,1,A1UL0HQUZQPMSX,0,PB,2.367,75,1.317
0.13,COMP,1,A6ORRFI3XOACA,0,WB,16.628,150,2.707
0.07,COMP,1,A6ORRFI3XOACA,1,WB,6.168,150,3.008
0.08,COMP,1,A6ORRFI3XOACA,1,WB,9.079,75,3.119
0.13,COMP,1,A6ORRFI3XOACA,0,WB,7.834,300,4.803
0.03,COMP,1,A6ORRFI3XOACA,1,WB,3.721,75,2.145
0.02,COMP,1,A6ORRFI3XOACA,1,WB,5.573,300,3.301
0.13,COMP,1,A6ORRFI3XOACA,0,WB,7.031,75,1.839
0.07,COMP,1,A6ORRFI3XOACA,1,WB,11.696,75,3.368
0.03,COMP,1,A6ORRFI3XOACA,1,WB,6.074,150,3.778
0.03,COMP,1,A6ORRFI3XOACA,1,WB,5.977,300,2.466
0.13,COMP,1,A6ORRFI3XOACA,0,WB,7.336,75,2.968
0.12,COMP,1,A6ORRFI3XOACA,0,WB,9.144,150,6.497
0.03,COMP,1,A6ORRFI3XOACA,1,WB,3.813,75,2.021
0.03,COMP,1,A6ORRFI3XOACA,1,WB,4.025,300,2.977
0.03,COMP,1,A6ORRFI3XOACA,1,WB,4.718,300,1.99
0.02,COMP,1,A6ORRFI3XOACA,1,WB,4.049,300,2.146
0.03,COMP,1,A6ORRFI3XOACA,1,WB,4.458,150,3.161
0.13,COMP,1,A6ORRFI3XOACA,0,WB,5.748,150,2.749
0.07,COMP,1,A6ORRFI3XOACA,1,WB,8.161,150,4.159
0.02,COMP,1,A6ORRFI3XOACA,1,WB,4.595,75,2.523
0.12,COMP,1,A6ORRFI3XOACA,0,WB,6.036,150,1.973
0.13,COMP,1,A6ORRFI3XOACA,0,WB,4.096,75,2.369
0.13,COMP,1,A6ORRFI3XOACA,0,WB,3.761,75,2.074
0.07,COMP,1,A6ORRFI3XOACA,1,WB,4.928,300,1.912
0.03,COMP,1,A6ORRFI3XOACA,1,WB,4.197,300,2.15
0.12,COMP,1,A6ORRFI3XOACA,0,WB,5.03,300,2.453
0.03,COMP,1,A6ORRFI3XOACA,1,WB,5.152,300,4.256
0.03,COMP,1,A6ORRFI3XOACA,1,WB,3.061,150,2.029
0.28,COMP,1,A6ORRFI3XOACA,0,WB,5.061,150,3.037
0.22,COMP,1,A6ORRFI3XOACA,0,WB,5.171,75,3.091
0.13,COMP,1,A1848YLP5S6RN6,0,TM,12.921,150,5.625
0.13,COMP,1,A1848YLP5S6RN6,0,TM,6.884,75,4.068
0.17,COMP,1,A1848YLP5S6RN6,0,TM,5.703,150,2.984
0.07,COMP,1,A1848YLP5S6RN6,1,TM,5.958,300,3.771
0.38,COMP,1,A1848YLP5S6RN6,0,TM,7.135,75,3.033
0.28,COMP,1,A1848YLP5S6RN6,0,TM,4.435,300,2.464
0.23,COMP,1,A1848YLP5S6RN6,0,TM,7.248,150,2.995
0.42,COMP,1,A1848YLP5S6RN6,0,TM,6.068,150,3.115
0.22,COMP,1,A1848YLP5S6RN6,0,TM,5.439,75,2.413
0.13,COMP,1,A1848YLP5S6RN6,0,TM,7.533,150,3.435
0.03,COMP,1,A1848YLP5S6RN6,1,TM,7.514,300,2.763
0.13,COMP,1,A1848YLP5S6RN6,0,TM,5.166,75,3.653
0.23,COMP,1,A1848YLP5S6RN6,0,TM,7.711,75,3.224
0.07,COMP,1,A1848YLP5S6RN6,1,TM,7.235,150,2.751
0.18,COMP,1,A1848YLP5S6RN6,0,TM,6.288,75,2.901
0.08,COMP,1,A1848YLP5S6RN6,1,TM,5.718,300,2.223
0.13,COMP,1,A1848YLP5S6RN6,0,TM,5.697,300,3.534
0.12,COMP,1,A1848YLP5S6RN6,0,TM,6.102,75,4.982
0.07,COMP,1,A1848YLP5S6RN6,1,TM,4.596,300,2.602
0.03,COMP,1,A1848YLP5S6RN6,1,TM,5.828,75,4.708
0.42,COMP,1,A1848YLP5S6RN6,0,TM,5.32,75,2.939
0.38,COMP,1,A1848YLP5S6RN6,0,TM,5.398,150,2.681
0.27,COMP,1,A1848YLP5S6RN6,0,TM,6.273,300,3.13
0.12,COMP,0,A1848YLP5S6RN6,0,TM,8.932,150,4.199
0.12,COMP,1,A1848YLP5S6RN6,0,TM,5.559,300,2.863
0.12,COMP,1,A1848YLP5S6RN6,0,TM,6.169,150,3.315
0.22,COMP,1,A1848YLP5S6RN6,0,TM,6.837,75,3.638
0.02,COMP,1,A1848YLP5S6RN6,1,TM,4.801,300,2.747
0.08,COMP,1,A1848YLP5S6RN6,1,TM,5.874,300,2.972
0.07,COMP,1,A1848YLP5S6RN6,1,TM,4.65,150,2.93
0.07,COMP,1,A2GV9WSNSPX53,1,WB,16.654,300,10.921
0.02,COMP,1,A2GV9WSNSPX53,1,WB,10.693,150,4.243
0.03,COMP,1,A2GV9WSNSPX53,1,WB,6.36,300,3.142
0.03,COMP,1,A2GV9WSNSPX53,1,WB,6.775,150,2.507
0.02,COMP,1,A2GV9WSNSPX53,1,WB,6.206,75,2.85
0.02,COMP,1,A2GV9WSNSPX53,1,WB,5.968,75,3.002
0.12,COMP,1,A2GV9WSNSPX53,0,WB,5.832,75,3.298
0.08,COMP,1,A2GV9WSNSPX53,1,WB,10.347,75,3.467
0.02,COMP,1,A2GV9WSNSPX53,1,WB,4.614,75,2.795
0.03,COMP,1,A2GV9WSNSPX53,1,WB,13.248,150,4.451
0.22,COMP,1,A2GV9WSNSPX53,0,WB,6.757,150,4.017
0.07,COMP,1,A2GV9WSNSPX53,1,WB,6.187,150,3.183
0.03,COMP,1,A2GV9WSNSPX53,1,WB,5.313,150,3.082
0.08,COMP,1,A2GV9WSNSPX53,1,WB,4.348,150,2.028
0.02,COMP,1,A2GV9WSNSPX53,1,WB,6.459,300,2.68
0.12,COMP,1,A2GV9WSNSPX53,0,WB,5.984,300,2.596
0.03,COMP,1,A2GV9WSNSPX53,1,WB,4.402,75,2.553
0.03,COMP,1,A2GV9WSNSPX53,1,WB,8.53,75,2.265
0.02,COMP,1,A2GV9WSNSPX53,1,WB,5.497,150,3.548
0.02,COMP,1,A2GV9WSNSPX53,1,WB,4.345,300,2.467
0.07,COMP,1,A2GV9WSNSPX53,1,WB,5.545,75,2.884
0.03,COMP,1,A2GV9WSNSPX53,1,WB,9.622,300,2.518
0.08,COMP,1,A2GV9WSNSPX53,1,WB,5.519,150,2.092
0.03,COMP,1,A2GV9WSNSPX53,1,WB,4.165,150,2.324
0.13,COMP,1,A2GV9WSNSPX53,0,WB,9.365,300,2.456
0.13,COMP,1,A2GV9WSNSPX53,0,WB,6.088,300,3.388
0.02,COMP,1,A2GV9WSNSPX53,1,WB,4.086,75,2.079
0.02,COMP,1,A2GV9WSNSPX53,1,WB,6.072,75,2.618
0.02,COMP,1,A2GV9WSNSPX53,1,WB,6.017,300,1.985
0.02,COMP,1,A2GV9WSNSPX53,1,WB,4.148,300,1.936
0.03,COMP,1,A39F4C1JL69VL5,1,TM,5.963,75,4.111
0.08,COMP,1,A39F4C1JL69VL5,1,TM,6.736,150,2.701
0.12,COMP,1,A39F4C1JL69VL5,0,TM,7.013,75,2.186
0.02,COMP,1,A39F4C1JL69VL5,1,TM,5.262,300,2.235
0.12,COMP,1,A39F4C1JL69VL5,0,TM,5.556,75,2.233
0.03,COMP,1,A39F4C1JL69VL5,1,TM,4.446,300,2.338
0.03,COMP,1,A39F4C1JL69VL5,1,TM,4.744,150,2.858
0.02,COMP,1,A39F4C1JL69VL5,1,TM,5.432,300,3.505
0.23,COMP,1,A39F4C1JL69VL5,0,TM,4.688,150,2.237
0.18,COMP,1,A39F4C1JL69VL5,0,TM,5.676,150,2.292
0.13,COMP,1,A39F4C1JL69VL5,0,TM,8.516,75,2.148
0.03,COMP,1,A39F4C1JL69VL5,1,TM,3.18,300,2.073
0.02,COMP,1,A39F4C1JL69VL5,1,TM,3.911,300,2.139
0.03,COMP,1,A39F4C1JL69VL5,1,TM,4.309,150,2.845
0.13,COMP,1,A39F4C1JL69VL5,0,TM,5.95,75,2.098
0.12,COMP,1,A39F4C1JL69VL5,0,TM,3.89,150,2.134
0.13,COMP,1,A39F4C1JL69VL5,0,TM,3.057,150,2.094
0.02,COMP,1,A39F4C1JL69VL5,1,TM,5.424,300,2.057
0.02,COMP,1,A39F4C1JL69VL5,1,TM,3.685,300,2.298
0.07,COMP,1,A39F4C1JL69VL5,1,TM,3.328,75,2.192
0.02,COMP,1,A39F4C1JL69VL5,1,TM,5.394,75,2.15
0.03,COMP,1,A39F4C1JL69VL5,1,TM,3.515,75,1.94
0.03,COMP,1,A39F4C1JL69VL5,1,TM,5.598,150,2.033
0.23,COMP,1,A39F4C1JL69VL5,0,TM,4.103,300,2.268
0.08,COMP,1,A39F4C1JL69VL5,1,TM,4.783,150,2.011
0.03,COMP,1,A39F4C1JL69VL5,1,TM,6.107,75,2.236
0.13,COMP,1,A39F4C1JL69VL5,0,TM,4.675,75,1.929
0.33,COMP,1,A39F4C1JL69VL5,0,TM,4.294,300,3.016
0.17,COMP,1,A39F4C1JL69VL5,0,TM,4.053,150,2.102
0.27,COMP,1,A39F4C1JL69VL5,0,TM,3.995,300,2.246
0.27,COMP,1,A3PQ0KHESAZZ0Y,0,ZP,11.165,300,6.093
0.48,COMP,0,A3PQ0KHESAZZ0Y,0,ZP,12.673,150,6.803
0.37,COMP,1,A3PQ0KHESAZZ0Y,0,ZP,2.806,150,2.064
0.27,COMP,1,A3PQ0KHESAZZ0Y,0,ZP,4.327,150,3.187
0.28,COMP,0,A3PQ0KHESAZZ0Y,0,ZP,4.474,300,2.078
0.08,COMP,1,A3PQ0KHESAZZ0Y,1,ZP,8.243,75,3.373
0.33,COMP,0,A3PQ0KHESAZZ0Y,0,ZP,2.784,150,2.02
0.17,COMP,1,A3PQ0KHESAZZ0Y,0,ZP,3.993,300,3.033
0.42,COMP,1,A3PQ0KHESAZZ0Y,0,ZP,10.224,150,2.802
0.32,COMP,1,A3PQ0KHESAZZ0Y,0,ZP,6.24,300,4.038
0.47,COMP,1,A3PQ0KHESAZZ0Y,0,ZP,9.758,75,7.938
0.23,COMP,0,A3PQ0KHESAZZ0Y,0,ZP,7.194,75,3.19
0.33,COMP,0,A3PQ0KHESAZZ0Y,0,ZP,4.578,300,3.149
0.53,COMP,0,A3PQ0KHESAZZ0Y,0,ZP,6.445,75,3.152
0.02,COMP,1,A3PQ0KHESAZZ0Y,1,ZP,7.935,150,4.447
0.02,COMP,1,A3PQ0KHESAZZ0Y,1,ZP,2.646,150,1.928
0.32,COMP,1,A3PQ0KHESAZZ0Y,0,ZP,4.981,150,3.905
0.47,COMP,1,A3PQ0KHESAZZ0Y,0,ZP,5.699,150,4.576
0.08,COMP,0,A3PQ0KHESAZZ0Y,1,ZP,4.461,75,3.189
0.28,COMP,1,A3PQ0KHESAZZ0Y,0,ZP,5.422,75,4.198
0.73,COMP,0,A3PQ0KHESAZZ0Y,0,ZP,5.061,300,3.579
0.48,COMP,0,A3PQ0KHESAZZ0Y,0,ZP,5.358,150,3.914
0.67,COMP,1,A3PQ0KHESAZZ0Y,0,ZP,6.997,300,2.518
0.43,COMP,0,A3PQ0KHESAZZ0Y,0,ZP,5.961,75,2.855
0.42,COMP,1,A3PQ0KHESAZZ0Y,0,ZP,4.773,300,2.871
0.27,COMP,0,A3PQ0KHESAZZ0Y,0,ZP,7.489,75,5.755
0.72,COMP,1,A3PQ0KHESAZZ0Y,0,ZP,4.651,75,2.17
0.23,COMP,0,A3PQ0KHESAZZ0Y,0,ZP,5.805,300,3.424
0.32,COMP,0,A3PQ0KHESAZZ0Y,0,ZP,5.811,75,3.345
0.22,COMP,1,A3PQ0KHESAZZ0Y,0,ZP,8.142,300,3.618
0.07,COMP,1,A3HW4QDJB63OQ2,1,TM,6.027,75,2.083
0.03,COMP,1,A3HW4QDJB63OQ2,1,TM,5.138,150,3.027
0.07,COMP,1,A3HW4QDJB63OQ2,1,TM,5.314,300,2.634
0.03,COMP,1,A3HW4QDJB63OQ2,1,TM,7.317,150,2.79
0.02,COMP,1,A3HW4QDJB63OQ2,1,TM,8.773,75,2.453
0.13,COMP,1,A3HW4QDJB63OQ2,0,TM,9.71,150,4.143
0.07,COMP,1,A3HW4QDJB63OQ2,1,TM,5.879,150,2.094
0.02,COMP,1,A3HW4QDJB63OQ2,1,TM,5.337,75,2.563
0.02,COMP,1,A3HW4QDJB63OQ2,1,TM,6.624,150,2.809
0.02,COMP,1,A3HW4QDJB63OQ2,1,TM,3.649,75,2.178
0.23,COMP,1,A3HW4QDJB63OQ2,0,TM,7.778,75,5.643
0.03,COMP,1,A3HW4QDJB63OQ2,1,TM,7.95,150,6.263
0.07,COMP,1,A3HW4QDJB63OQ2,1,TM,6.4,75,4.649
0.13,COMP,1,A3HW4QDJB63OQ2,0,TM,6.152,300,4.832
0.07,COMP,1,A3HW4QDJB63OQ2,1,TM,7.739,150,4.492
0.12,COMP,1,A3HW4QDJB63OQ2,0,TM,9.566,300,6.009
0.08,COMP,1,A3HW4QDJB63OQ2,1,TM,7.837,150,3.365
0.08,COMP,1,A3HW4QDJB63OQ2,1,TM,4.874,300,2.294
0.08,COMP,1,A3HW4QDJB63OQ2,1,TM,5.619,75,3.939
0.12,COMP,1,A3HW4QDJB63OQ2,0,TM,5.231,75,2.655
0.02,COMP,0,A3HW4QDJB63OQ2,1,TM,6.38,300,3.853
0.02,COMP,1,A3HW4QDJB63OQ2,1,TM,9.185,75,4.362
0.13,COMP,1,A3HW4QDJB63OQ2,0,TM,7.226,150,2.98
0.03,COMP,1,A3HW4QDJB63OQ2,1,TM,4.164,300,2.603
0.03,COMP,0,A3HW4QDJB63OQ2,1,TM,6.498,300,2.779
0.12,COMP,1,A3HW4QDJB63OQ2,0,TM,5.03,300,3.67
0.07,COMP,1,A3HW4QDJB63OQ2,1,TM,4.492,150,3.086
0.28,COMP,1,A3HW4QDJB63OQ2,0,TM,6.139,75,4.251
0.17,COMP,1,A3HW4QDJB63OQ2,0,TM,5.9,300,3.875
0.13,COMP,1,A3HW4QDJB63OQ2,0,TM,7.295,300,4.294
0.22,COMP,1,AT6LDQNLKTUSE,0,PB,15.456,75,3.572
0.02,COMP,1,AT6LDQNLKTUSE,1,PB,6.222,300,3.469
0.03,COMP,1,AT6LDQNLKTUSE,1,PB,7.368,150,1.729
0.07,COMP,1,AT6LDQNLKTUSE,1,PB,4.36,150,2.162
0.03,COMP,1,AT6LDQNLKTUSE,1,PB,8.89,75,2.626
0.07,COMP,1,AT6LDQNLKTUSE,1,PB,9.096,300,3.337
0.12,COMP,1,AT6LDQNLKTUSE,0,PB,6.219,300,1.741
0.02,COMP,1,AT6LDQNLKTUSE,1,PB,6.931,75,1.656
0.02,COMP,1,AT6LDQNLKTUSE,1,PB,7.638,300,3.434
0.03,COMP,1,AT6LDQNLKTUSE,1,PB,7.461,150,3.248
0.07,COMP,1,AT6LDQNLKTUSE,1,PB,6.017,150,1.919
0.08,COMP,1,AT6LDQNLKTUSE,1,PB,10.93,300,3.165
0.13,COMP,1,AT6LDQNLKTUSE,0,PB,4.548,300,3.17
0.07,COMP,1,AT6LDQNLKTUSE,1,PB,6.572,75,2.114
0.08,COMP,1,AT6LDQNLKTUSE,1,PB,5.975,300,2.601
0.08,COMP,1,AT6LDQNLKTUSE,1,PB,6.82,75,3.013
0.03,COMP,1,AT6LDQNLKTUSE,1,PB,3.651,300,2.202
0.07,COMP,1,AT6LDQNLKTUSE,1,PB,6.494,75,4.332
0.03,COMP,1,AT6LDQNLKTUSE,1,PB,3.185,75,1.854
0.12,COMP,1,AT6LDQNLKTUSE,0,PB,3.561,300,2.286
0.13,COMP,1,AT6LDQNLKTUSE,0,PB,8.309,75,2.625
0.08,COMP,1,AT6LDQNLKTUSE,1,PB,6.146,150,3.051
0.07,COMP,1,AT6LDQNLKTUSE,1,PB,3.069,300,1.72
0.02,COMP,1,AT6LDQNLKTUSE,1,PB,4.735,75,1.915
0.03,COMP,1,AT6LDQNLKTUSE,1,PB,5.669,150,2.078
0.17,COMP,1,AT6LDQNLKTUSE,0,PB,4.457,75,2.082
0.13,COMP,1,AT6LDQNLKTUSE,0,PB,4.694,150,1.878
0.02,COMP,1,AT6LDQNLKTUSE,1,PB,3.176,150,1.398
0.07,COMP,1,AT6LDQNLKTUSE,1,PB,6.067,150,1.607
0.02,COMP,1,AT6LDQNLKTUSE,1,PB,4.333,150,1.549
0.13,COMP,1,A3QC57KUVJP5EW,0,KB,5.614,300,3.534
0.12,COMP,1,A3QC57KUVJP5EW,0,KB,5.236,300,3.267
0.12,COMP,1,A3QC57KUVJP5EW,0,KB,5.927,75,3.344
0.03,COMP,1,A3QC57KUVJP5EW,1,KB,4.695,75,2.719
0.07,COMP,1,A3QC57KUVJP5EW,1,KB,3.724,300,2.468
0.08,COMP,1,A3QC57KUVJP5EW,1,KB,4.654,75,2.366
0.02,COMP,1,A3QC57KUVJP5EW,1,KB,4.114,300,2.473
0.12,COMP,1,A3QC57KUVJP5EW,0,KB,5.42,75,2.308
0.18,COMP,1,A3QC57KUVJP5EW,0,KB,3.616,300,2.424
0.03,COMP,1,A3QC57KUVJP5EW,1,KB,6.465,75,2.305
0.03,COMP,1,A3QC57KUVJP5EW,1,KB,5.816,150,3.697
0.03,COMP,1,A3QC57KUVJP5EW,1,KB,4.792,150,3.311
0.02,COMP,1,A3QC57KUVJP5EW,1,KB,7.692,75,2.396
0.12,COMP,0,A3QC57KUVJP5EW,0,KB,9.073,150,3.697
0.18,COMP,1,A3QC57KUVJP5EW,0,KB,4.686,75,2.894
0.03,COMP,1,A3QC57KUVJP5EW,1,KB,4.965,300,3.782
0.07,COMP,1,A3QC57KUVJP5EW,1,KB,5.451,150,4.708
0.07,COMP,1,A3QC57KUVJP5EW,1,KB,3.819,75,1.836
0.03,COMP,1,A3QC57KUVJP5EW,1,KB,4.976,75,2.297
0.12,COMP,1,A3QC57KUVJP5EW,0,KB,6.947,150,3.635
0.18,COMP,1,A3QC57KUVJP5EW,0,KB,4.859,300,3.891
0.18,COMP,1,A3QC57KUVJP5EW,0,KB,5.683,150,4.107
0.03,COMP,1,A3QC57KUVJP5EW,1,KB,3.65,300,2.724
0.18,COMP,1,A3QC57KUVJP5EW,0,KB,5.096,300,3.121
0.03,COMP,0,A3QC57KUVJP5EW,1,KB,5.348,150,1.812
0.07,COMP,1,A3QC57KUVJP5EW,1,KB,5.826,150,4.146
0.03,COMP,1,A3QC57KUVJP5EW,1,KB,5.478,300,3.243
0.03,COMP,0,A3QC57KUVJP5EW,1,KB,6.318,75,3.815
0.08,COMP,0,A3QC57KUVJP5EW,1,KB,10.82,150,3.661
0.08,COMP,1,A3QC57KUVJP5EW,1,KB,3.906,150,2.155
0.37,COMP,1,A15781PHGW377Y,0,TM,11.467,300,4.83
0.08,COMP,1,A15781PHGW377Y,1,TM,13.228,300,5.212
0.03,COMP,1,A15781PHGW377Y,1,TM,11.206,300,5.391
0.03,COMP,1,A15781PHGW377Y,1,TM,11.451,150,3.891
0.12,COMP,1,A15781PHGW377Y,0,TM,22.161,75,2.783
0.27,COMP,1,A15781PHGW377Y,0,TM,10.951,75,4.197
0.12,COMP,1,A15781PHGW377Y,0,TM,12.605,300,3.148
0.02,COMP,1,A15781PHGW377Y,1,TM,11.643,75,6.113
0.27,COMP,1,A15781PHGW377Y,0,TM,12.798,150,3.886
0.02,COMP,1,A15781PHGW377Y,1,TM,15.286,75,5.541
0.37,COMP,1,A15781PHGW377Y,0,TM,8.571,75,3.962
0.17,COMP,1,A15781PHGW377Y,0,TM,15.41,150,4.561
0.13,COMP,1,A15781PHGW377Y,0,TM,12.479,150,3.19
0.22,COMP,1,A15781PHGW377Y,0,TM,10.258,300,4.14
0.23,COMP,1,A15781PHGW377Y,0,TM,13.419,300,3.934
0.07,COMP,1,A15781PHGW377Y,1,TM,11.31,75,4.997
0.23,COMP,1,A15781PHGW377Y,0,TM,12.603,150,6.94
0.03,COMP,1,A15781PHGW377Y,1,TM,6.229,75,2.373
0.13,COMP,1,A15781PHGW377Y,0,TM,13.301,150,5.169
0.13,COMP,1,A15781PHGW377Y,0,TM,11.636,150,6.011
0.08,COMP,1,A15781PHGW377Y,1,TM,11.517,150,4.411
0.28,COMP,1,A15781PHGW377Y,0,TM,20.438,150,16.126
0.08,COMP,1,A15781PHGW377Y,1,TM,35.09,150,25.438
0.23,COMP,1,A15781PHGW377Y,0,TM,43.48,150,38.844
0.23,COMP,1,A15781PHGW377Y,0,TM,56.468,150,48.123
0.12,COMP,1,A15781PHGW377Y,0,TM,7.64,150,3.642
0.43,COMP,1,A15781PHGW377Y,0,TM,9.784,300,4.523
0.22,COMP,1,A15781PHGW377Y,0,TM,11.122,300,3.965
0.23,COMP,1,A15781PHGW377Y,0,TM,6.764,75,2.402
0.18,COMP,1,A15781PHGW377Y,0,TM,9.625,75,2.598
0.37,COMP,1,A385F5ZBEV6GWD,0,PB,7.657,75,3.252
0.02,COMP,1,A385F5ZBEV6GWD,1,PB,5.744,75,3.975
0.02,COMP,1,A385F5ZBEV6GWD,1,PB,9.556,75,2.277
0.78,COMP,1,A385F5ZBEV6GWD,0,PB,26.61,150,22.983
0.67,COMP,0,A385F5ZBEV6GWD,0,PB,7.611,150,4.853
0.28,COMP,1,A385F5ZBEV6GWD,0,PB,7.876,75,2.759
0.12,COMP,0,A385F5ZBEV6GWD,0,PB,8.821,300,5.221
0.13,COMP,0,A385F5ZBEV6GWD,0,PB,10.186,75,4.354
0.03,COMP,1,A385F5ZBEV6GWD,1,PB,7.139,150,5.737
0.07,COMP,0,A385F5ZBEV6GWD,1,PB,7.369,75,5.361
0.72,COMP,0,A385F5ZBEV6GWD,0,PB,8.239,300,5.429
0.27,COMP,1,A385F5ZBEV6GWD,0,PB,8.991,75,4.621
0.03,COMP,0,A385F5ZBEV6GWD,1,PB,6.055,300,4.723
0.07,COMP,0,A385F5ZBEV6GWD,1,PB,8.679,300,4.438
0.08,COMP,1,A385F5ZBEV6GWD,1,PB,10.318,300,4.486
0.08,COMP,1,A385F5ZBEV6GWD,1,PB,10.175,150,6.384
0.22,COMP,1,A385F5ZBEV6GWD,0,PB,14.145,150,3.56
0.12,COMP,1,A385F5ZBEV6GWD,0,PB,7.604,300,2.592
0.02,COMP,0,A385F5ZBEV6GWD,1,PB,15.605,75,5.408
0.27,COMP,1,A385F5ZBEV6GWD,0,PB,8.092,75,6.176
0.43,COMP,0,A385F5ZBEV6GWD,0,PB,11.903,150,10.269
0.73,COMP,0,A385F5ZBEV6GWD,0,PB,9.715,300,3.631
0.67,COMP,1,A385F5ZBEV6GWD,0,PB,9.356,300,4.206
0.43,COMP,1,A385F5ZBEV6GWD,0,PB,8.3,300,2.646
0.13,COMP,1,A385F5ZBEV6GWD,0,PB,11.133,150,5.185
0.52,COMP,0,A385F5ZBEV6GWD,0,PB,30.713,300,15.164
0.37,COMP,1,A385F5ZBEV6GWD,0,PB,13.051,150,11.5
0.12,COMP,1,A385F5ZBEV6GWD,0,PB,12.398,150,9.432
0.03,COMP,1,A385F5ZBEV6GWD,1,PB,15.113,75,13.529
0.17,COMP,1,A385F5ZBEV6GWD,0,PB,10.62,150,8.779
0.02,COMP,1,A3FHPIYGA20PBN,1,ZP,24.591,150,4.911
0.02,COMP,1,A3FHPIYGA20PBN,1,ZP,9.082,150,3.764
0.13,COMP,1,A3FHPIYGA20PBN,0,ZP,6.325,75,3.503
0.18,COMP,1,A3FHPIYGA20PBN,0,ZP,14.112,75,3.169
0.08,COMP,1,A3FHPIYGA20PBN,1,ZP,6.02,300,2.598
0.03,COMP,1,A3FHPIYGA20PBN,1,ZP,5.064,150,2.363
0.03,COMP,1,A3FHPIYGA20PBN,1,ZP,4.574,300,2.739
0.03,COMP,1,A3FHPIYGA20PBN,1,ZP,8.189,300,2.815
0.07,COMP,1,A3FHPIYGA20PBN,1,ZP,9.535,75,5.811
0.13,COMP,1,A3FHPIYGA20PBN,0,ZP,3.805,75,2.178
0.02,COMP,1,A3FHPIYGA20PBN,1,ZP,4.41,300,2.189
0.07,COMP,1,A3FHPIYGA20PBN,1,ZP,5.542,150,2.953
0.07,COMP,1,A3FHPIYGA20PBN,1,ZP,4.825,150,2.926
0.03,COMP,1,A3FHPIYGA20PBN,1,ZP,12.793,150,9.566
0.07,COMP,1,A3FHPIYGA20PBN,1,ZP,12.421,75,3.039
0.07,COMP,1,A3FHPIYGA20PBN,1,ZP,6.48,150,1.852
0.22,COMP,1,A3FHPIYGA20PBN,0,ZP,8.857,75,2.578
0.08,COMP,1,A3FHPIYGA20PBN,1,ZP,5.819,300,2.136
0.12,COMP,1,A3FHPIYGA20PBN,0,ZP,3.533,75,1.749
0.02,COMP,1,A3FHPIYGA20PBN,1,ZP,4.838,150,2.56
0.18,COMP,1,A3FHPIYGA20PBN,0,ZP,8.995,300,3.056
0.17,COMP,1,A3FHPIYGA20PBN,0,ZP,4.79,75,2.745
0.03,COMP,1,A3FHPIYGA20PBN,1,ZP,6.376,300,2.912
0.08,COMP,1,A3FHPIYGA20PBN,1,ZP,5.178,150,2.418
0.03,COMP,1,A3FHPIYGA20PBN,1,ZP,7.293,75,2.913
0.07,COMP,1,A3FHPIYGA20PBN,1,ZP,5.703,150,2.636
0.02,COMP,1,A3FHPIYGA20PBN,1,ZP,8.873,300,2.304
0.02,COMP,1,A3FHPIYGA20PBN,1,ZP,5.128,300,2.178
0.08,COMP,1,A3FHPIYGA20PBN,1,ZP,8.684,75,2.539
0.07,COMP,1,A3FHPIYGA20PBN,1,ZP,8.332,300,2.234
0.02,COMP,1,A52FUUEDGSZT9,1,TM,8.002,75,3.282
0.03,COMP,1,A52FUUEDGSZT9,1,TM,6.993,300,3.382
0.07,COMP,1,A52FUUEDGSZT9,1,TM,6.208,150,2.857
0.03,COMP,1,A52FUUEDGSZT9,1,TM,6.749,300,2.094
0.08,COMP,1,A52FUUEDGSZT9,1,TM,5.605,75,1.834
0.18,COMP,1,A52FUUEDGSZT9,0,TM,10.47,75,3.007
0.12,COMP,1,A52FUUEDGSZT9,0,TM,8.472,75,2.996
0.07,COMP,1,A52FUUEDGSZT9,1,TM,5.3,300,2.468
0.17,COMP,1,A52FUUEDGSZT9,0,TM,5.241,300,2.281
0.13,COMP,1,A52FUUEDGSZT9,0,TM,6.191,75,1.925
0.08,COMP,1,A52FUUEDGSZT9,1,TM,6.164,150,2.838
0.18,COMP,1,A52FUUEDGSZT9,0,TM,5.329,300,1.789
0.08,COMP,1,A52FUUEDGSZT9,1,TM,6.108,75,1.919
0.27,COMP,1,A52FUUEDGSZT9,0,TM,4.999,75,1.846
0.12,COMP,1,A52FUUEDGSZT9,0,TM,4.395,150,2.062
0.33,COMP,1,A52FUUEDGSZT9,0,TM,5.346,150,1.936
0.03,COMP,1,A52FUUEDGSZT9,1,TM,6.823,300,3.341
0.03,COMP,1,A52FUUEDGSZT9,1,TM,5.323,75,1.94
0.03,COMP,1,A52FUUEDGSZT9,1,TM,5.227,300,1.999
0.13,COMP,1,A52FUUEDGSZT9,0,TM,5.211,150,2.046
0.07,COMP,1,A52FUUEDGSZT9,1,TM,5.892,150,2.398
0.17,COMP,1,A52FUUEDGSZT9,0,TM,5.731,150,1.941
0.12,COMP,1,A52FUUEDGSZT9,0,TM,5.615,75,2.134
0.28,COMP,1,A52FUUEDGSZT9,0,TM,5.352,300,2.344
0.02,COMP,1,A52FUUEDGSZT9,1,TM,3.967,150,1.848
0.02,COMP,1,A52FUUEDGSZT9,1,TM,5.511,75,1.905
0.18,COMP,1,A52FUUEDGSZT9,0,TM,5.363,150,2.149
0.03,COMP,1,A52FUUEDGSZT9,1,TM,4.548,150,1.959
0.13,COMP,1,A52FUUEDGSZT9,0,TM,5.747,300,2.249
0.08,COMP,1,A52FUUEDGSZT9,1,TM,6.503,300,2.854
0.07,COMP,1,A3TN3GQAO61BVB,1,LL,15.016,150,6.71
0.03,COMP,1,A3TN3GQAO61BVB,1,LL,12.744,150,7.554
0.03,COMP,1,A3TN3GQAO61BVB,1,LL,12.986,150,7.43
0.03,COMP,1,A3TN3GQAO61BVB,1,LL,12.772,300,9.308
0.07,COMP,1,A3TN3GQAO61BVB,1,LL,10.102,75,5.736
0.08,COMP,1,A3TN3GQAO61BVB,1,LL,7.444,75,3.728
0.07,COMP,1,A3TN3GQAO61BVB,1,LL,6.546,75,3.724
0.03,COMP,1,A3TN3GQAO61BVB,1,LL,11.758,300,8.21
0.12,COMP,1,A3TN3GQAO61BVB,0,LL,15.272,300,9.428
0.22,COMP,1,A3TN3GQAO61BVB,0,LL,12.768,150,7.766
0.07,COMP,1,A3TN3GQAO61BVB,1,LL,6.644,75,2.402
0.02,COMP,1,A3TN3GQAO61BVB,1,LL,13.494,300,4.01
0.08,COMP,1,A3TN3GQAO61BVB,1,LL,10.132,150,5.58
0.08,COMP,1,A3TN3GQAO61BVB,1,LL,10.654,300,8.428
0.02,COMP,1,A3TN3GQAO61BVB,1,LL,11.632,300,10.298
0.02,COMP,1,A3TN3GQAO61BVB,1,LL,13.5,150,4.818
0.03,COMP,1,A3TN3GQAO61BVB,1,LL,17.114,150,14.444
0.02,COMP,1,A3TN3GQAO61BVB,1,LL,7.868,300,3.386
0.02,COMP,1,A3TN3GQAO61BVB,1,LL,17.728,75,16.076
0.02,COMP,1,A3TN3GQAO61BVB,1,LL,11.546,150,10.024
0.08,COMP,1,A3TN3GQAO61BVB,1,LL,6.384,75,2.228
0.03,COMP,1,A3TN3GQAO61BVB,1,LL,9.138,150,4.662
0.07,COMP,1,A3TN3GQAO61BVB,1,LL,13.744,300,11.106
0.02,COMP,1,A3TN3GQAO61BVB,1,LL,12.868,300,10.708
0.02,COMP,1,A3TN3GQAO61BVB,1,LL,12.766,75,5.214
0.02,COMP,1,A3TN3GQAO61BVB,1,LL,9.166,150,7.792
0.07,COMP,1,A3TN3GQAO61BVB,1,LL,7.07,75,4.358
0.08,COMP,1,A3TN3GQAO61BVB,1,LL,8.026,75,4.978
0.02,COMP,1,A3TN3GQAO61BVB,1,LL,7.984,75,4.422
0.02,COMP,1,A3TN3GQAO61BVB,1,LL,22.43,300,20.846
0.03,COMP,1,A32QWM7BWCSPTS,1,ZP,34.262,300,6.171
0.07,COMP,1,A32QWM7BWCSPTS,1,ZP,19.921,75,4.528
0.22,COMP,1,A32QWM7BWCSPTS,0,ZP,15.933,150,5.416
0.03,COMP,1,A32QWM7BWCSPTS,1,ZP,12.924,150,2.531
0.13,COMP,1,A32QWM7BWCSPTS,0,ZP,14.461,75,2.457
0.12,COMP,1,A32QWM7BWCSPTS,0,ZP,9.673,75,3.21
0.03,COMP,1,A32QWM7BWCSPTS,1,ZP,16.105,150,2.888
0.17,COMP,1,A32QWM7BWCSPTS,0,ZP,8.404,75,3.254
0.68,COMP,1,A32QWM7BWCSPTS,0,ZP,20.638,75,3.313
0.22,COMP,1,A32QWM7BWCSPTS,0,ZP,16.171,75,2.375
0.03,COMP,1,A32QWM7BWCSPTS,1,ZP,25.517,300,5.893
0.03,COMP,1,A32QWM7BWCSPTS,1,ZP,17.137,300,5.84
0.07,COMP,1,A32QWM7BWCSPTS,1,ZP,16.607,150,2.813
0.02,COMP,1,A32QWM7BWCSPTS,1,ZP,9.893,75,1.983
0.03,COMP,1,A32QWM7BWCSPTS,1,ZP,4.339,300,2.477
0.03,COMP,1,A32QWM7BWCSPTS,1,ZP,10.988,75,2.087
0.03,COMP,1,A32QWM7BWCSPTS,1,ZP,4.913,300,3.027
0.02,COMP,1,A32QWM7BWCSPTS,1,ZP,9.984,150,2.268
0.02,COMP,1,A32QWM7BWCSPTS,1,ZP,14.128,150,3.322
0.07,COMP,1,A32QWM7BWCSPTS,1,ZP,19.343,300,1.864
0.07,COMP,1,A32QWM7BWCSPTS,1,ZP,16.709,75,4.557
0.02,COMP,1,A32QWM7BWCSPTS,1,ZP,15.023,150,3.016
0.03,COMP,1,A32QWM7BWCSPTS,1,ZP,17.331,150,1.738
0.02,COMP,1,A32QWM7BWCSPTS,1,ZP,10.351,300,3.005
0.07,COMP,1,A32QWM7BWCSPTS,1,ZP,11.972,150,2.582
0.02,COMP,1,A32QWM7BWCSPTS,1,ZP,14.45,300,2.792
0.08,COMP,1,A32QWM7BWCSPTS,1,ZP,5.279,300,2.329
0.02,COMP,1,A32QWM7BWCSPTS,1,ZP,4.814,300,2.929
0.52,COMP,1,A32QWM7BWCSPTS,0,ZP,15.078,75,4.54
0.63,COMP,1,A32QWM7BWCSPTS,0,ZP,11.05,150,3.023
0.02,COMP,1,AA9V4NE8SOA4I,1,KB,13.61,300,5.108
0.02,COMP,1,AA9V4NE8SOA4I,1,KB,7.034,300,5.243
0.07,COMP,1,AA9V4NE8SOA4I,1,KB,9.818,150,2.11
0.02,COMP,1,AA9V4NE8SOA4I,1,KB,6.156,150,2.914
0.03,COMP,1,AA9V4NE8SOA4I,1,KB,7.983,75,2.429
0.12,COMP,1,AA9V4NE8SOA4I,0,KB,7.153,75,4.712
0.02,COMP,1,AA9V4NE8SOA4I,1,KB,5.63,150,2.49
0.08,COMP,1,AA9V4NE8SOA4I,1,KB,5.006,150,3.926
0.02,COMP,1,AA9V4NE8SOA4I,1,KB,12.306,150,7.947
0.02,COMP,1,AA9V4NE8SOA4I,1,KB,8.6,75,5.255
0.02,COMP,1,AA9V4NE8SOA4I,1,KB,10.268,75,2.717
0.12,COMP,1,AA9V4NE8SOA4I,0,KB,6.483,300,4.414
0.22,COMP,1,AA9V4NE8SOA4I,0,KB,5.672,75,4.147
0.02,COMP,1,AA9V4NE8SOA4I,1,KB,6.549,150,2.191
0.03,COMP,1,AA9V4NE8SOA4I,1,KB,5.663,75,2.757
0.27,COMP,1,AA9V4NE8SOA4I,0,KB,5.874,300,2.515
0.03,COMP,1,AA9V4NE8SOA4I,1,KB,3.841,150,2.234
0.23,COMP,1,AA9V4NE8SOA4I,0,KB,6.199,75,4.862
0.07,COMP,1,AA9V4NE8SOA4I,1,KB,7.318,300,3.091
0.32,COMP,1,AA9V4NE8SOA4I,0,KB,5.563,75,2.201
0.07,COMP,1,AA9V4NE8SOA4I,1,KB,6.022,75,2.468
0.02,COMP,1,AA9V4NE8SOA4I,1,KB,6.608,300,2.06
0.02,COMP,1,AA9V4NE8SOA4I,1,KB,5.907,150,2.239
0.23,COMP,1,AA9V4NE8SOA4I,0,KB,4.46,300,2.273
0.03,COMP,1,AA9V4NE8SOA4I,1,KB,4.848,300,3.164
0.12,COMP,1,AA9V4NE8SOA4I,0,KB,4.817,150,2.079
0.08,COMP,1,AA9V4NE8SOA4I,1,KB,6.518,300,2.287
0.13,COMP,1,AA9V4NE8SOA4I,0,KB,4.698,75,2.919
0.23,COMP,1,AA9V4NE8SOA4I,0,KB,4.862,150,3.668
0.02,COMP,1,AA9V4NE8SOA4I,1,KB,9.367,300,4.046
0.38,COMP,1,AA4KKLIU4C3NY,0,WB,16.367,75,11.295
0.03,COMP,1,AA4KKLIU4C3NY,1,WB,9.123,150,5.635
0.23,COMP,1,AA4KKLIU4C3NY,0,WB,6.35,300,3.711
0.02,COMP,1,AA4KKLIU4C3NY,1,WB,5.298,150,3.618
0.27,COMP,1,AA4KKLIU4C3NY,0,WB,10.77,75,8.314
0.07,COMP,1,AA4KKLIU4C3NY,1,WB,6.74,300,4.743
0.18,COMP,1,AA4KKLIU4C3NY,0,WB,5.38,75,3.189
0.12,COMP,1,AA4KKLIU4C3NY,0,WB,5.166,75,3.607
0.02,COMP,1,AA4KKLIU4C3NY,1,WB,6.139,300,4.524
0.22,COMP,1,AA4KKLIU4C3NY,0,WB,6.144,150,3.601
0.17,COMP,1,AA4KKLIU4C3NY,0,WB,8.494,75,4.895
0.07,COMP,1,AA4KKLIU4C3NY,1,WB,5.722,300,4.027
0.07,COMP,1,AA4KKLIU4C3NY,1,WB,5.007,75,3.122
0.03,COMP,0,AA4KKLIU4C3NY,1,WB,7.957,75,6.157
0.02,COMP,1,AA4KKLIU4C3NY,1,WB,3.51,75,2.319
0.02,COMP,1,AA4KKLIU4C3NY,1,WB,4.648,150,3.177
0.23,COMP,1,AA4KKLIU4C3NY,0,WB,4.207,75,2.544
0.08,COMP,1,AA4KKLIU4C3NY,1,WB,5.802,150,4.474
0.07,COMP,1,AA4KKLIU4C3NY,1,WB,6.684,300,5.02
0.07,COMP,1,AA4KKLIU4C3NY,1,WB,5.852,300,4.292
0.02,COMP,1,AA4KKLIU4C3NY,1,WB,5.847,300,3.814
0.62,COMP,1,AA4KKLIU4C3NY,0,WB,6.325,150,4.237
0.32,COMP,1,AA4KKLIU4C3NY,0,WB,7.269,150,5.542
0.03,COMP,1,AA4KKLIU4C3NY,1,WB,5.389,300,3.646
0.38,COMP,1,AA4KKLIU4C3NY,0,WB,4.511,150,3.064
0.07,COMP,1,AA4KKLIU4C3NY,1,WB,4.534,75,3.366
0.02,COMP,1,AA4KKLIU4C3NY,1,WB,4.501,150,3.032
0.08,COMP,1,AA4KKLIU4C3NY,1,WB,7.116,300,5.493
0.18,COMP,1,AA4KKLIU4C3NY,0,WB,5.346,150,4.115
0.02,COMP,0,AA4KKLIU4C3NY,1,WB,4.39,300,2.39
0.52,COMP,1,A2TBXASXZIRNNW,0,PB,4.823,150,3.745
0.03,COMP,0,A2TBXASXZIRNNW,1,PB,6.571,300,5.488
0.28,COMP,1,A2TBXASXZIRNNW,0,PB,6.983,150,4.699
0.02,COMP,1,A2TBXASXZIRNNW,1,PB,4.759,150,3.153
0.48,COMP,1,A2TBXASXZIRNNW,0,PB,3.375,300,2.582
0.02,COMP,1,A2TBXASXZIRNNW,1,PB,3.32,150,2.498
0.37,COMP,0,A2TBXASXZIRNNW,0,PB,3.856,150,2.694
0.37,COMP,1,A2TBXASXZIRNNW,0,PB,5.012,300,3.824
0.28,COMP,0,A2TBXASXZIRNNW,0,PB,5.976,150,3.937
0.12,COMP,0,A2TBXASXZIRNNW,0,PB,4.766,75,3.162
0.03,COMP,0,A2TBXASXZIRNNW,1,PB,5.999,75,3.446
0.33,COMP,1,A2TBXASXZIRNNW,0,PB,6.059,150,5.33
0.22,COMP,1,A2TBXASXZIRNNW,0,PB,4.521,300,2.689
0.37,COMP,0,A2TBXASXZIRNNW,0,PB,4.254,300,3.18
0.17,COMP,1,A2TBXASXZIRNNW,0,PB,3.474,75,1.942
0.22,COMP,0,A2TBXASXZIRNNW,0,PB,5.479,300,3.606
0.43,COMP,1,A2TBXASXZIRNNW,0,PB,5.946,75,4.357
0.52,COMP,0,A2TBXASXZIRNNW,0,PB,3.487,300,2.678
0.38,COMP,0,A2TBXASXZIRNNW,0,PB,3.342,300,2.575
0.03,COMP,0,A2TBXASXZIRNNW,1,PB,3.508,75,2.478
0.13,COMP,1,A2TBXASXZIRNNW,0,PB,4.046,300,2.318
0.03,COMP,0,A2TBXASXZIRNNW,1,PB,4.028,75,3.071
0.42,COMP,1,A2TBXASXZIRNNW,0,PB,5.619,150,4.462
0.17,COMP,1,A2TBXASXZIRNNW,0,PB,4.984,150,3.513
0.03,COMP,0,A2TBXASXZIRNNW,1,PB,4.412,150,2.942
0.12,COMP,1,A2TBXASXZIRNNW,0,PB,5.76,75,2.996
0.17,COMP,0,A2TBXASXZIRNNW,0,PB,4.352,75,2.535
0.37,COMP,1,A2TBXASXZIRNNW,0,PB,5.123,75,3.067
0.53,COMP,0,A2TBXASXZIRNNW,0,PB,4.387,300,3.117
0.32,COMP,0,A2TBXASXZIRNNW,0,PB,6.551,75,4.045
0.07,COMP,1,A1BWS5AD2T4NIR,1,ZP,5.671,300,2.621
0.03,COMP,1,A1BWS5AD2T4NIR,1,ZP,5.838,300,2.268
0.03,COMP,1,A1BWS5AD2T4NIR,1,ZP,6.01,150,3.018
0.02,COMP,1,A1BWS5AD2T4NIR,1,ZP,9.03,150,2.247
0.07,COMP,1,A1BWS5AD2T4NIR,1,ZP,6.202,75,2.115
0.18,COMP,1,A1BWS5AD2T4NIR,0,ZP,7.219,150,3.511
0.03,COMP,1,A1BWS5AD2T4NIR,1,ZP,4.772,150,1.864
0.02,COMP,1,A1BWS5AD2T4NIR,1,ZP,6.544,300,2.546
0.02,COMP,1,A1BWS5AD2T4NIR,1,ZP,4.756,300,2.227
0.17,COMP,1,A1BWS5AD2T4NIR,0,ZP,4.053,75,1.924
0.13,COMP,1,A1BWS5AD2T4NIR,0,ZP,5.98,300,3.108
0.03,COMP,1,A1BWS5AD2T4NIR,1,ZP,6.653,150,2.368
0.03,COMP,1,A1BWS5AD2T4NIR,1,ZP,6.021,150,1.915
0.02,COMP,1,A1BWS5AD2T4NIR,1,ZP,4.845,300,1.932
0.07,COMP,1,A1BWS5AD2T4NIR,1,ZP,6.62,75,1.976
0.38,COMP,1,A1BWS5AD2T4NIR,0,ZP,4.156,75,2.064
0.22,COMP,1,A1BWS5AD2T4NIR,0,ZP,5.199,75,2.184
0.08,COMP,1,A1BWS5AD2T4NIR,1,ZP,4.375,75,2.069
0.12,COMP,1,A1BWS5AD2T4NIR,0,ZP,6.14,150,2.162
0.13,COMP,1,A1BWS5AD2T4NIR,0,ZP,4.998,75,1.9
0.07,COMP,1,A1BWS5AD2T4NIR,1,ZP,4.759,75,1.713
0.02,COMP,1,A1BWS5AD2T4NIR,1,ZP,4.831,300,2.16
0.07,COMP,1,A1BWS5AD2T4NIR,1,ZP,4.073,75,1.777
0.02,COMP,1,A1BWS5AD2T4NIR,1,ZP,4.265,300,1.752
0.17,COMP,1,A1BWS5AD2T4NIR,0,ZP,3.792,300,1.834
0.03,COMP,1,A1BWS5AD2T4NIR,1,ZP,5.241,150,2.134
0.03,COMP,1,A1BWS5AD2T4NIR,1,ZP,3.999,75,1.672
0.12,COMP,1,A1BWS5AD2T4NIR,0,ZP,4.451,150,2.358
0.13,COMP,1,A1BWS5AD2T4NIR,0,ZP,4.514,150,2.5
0.02,COMP,1,A1BWS5AD2T4NIR,1,ZP,5.368,300,2.335
0.02,COMP,1,APGX2WZ59OWDN,1,WB,10.729,75,7.839
0.03,COMP,1,APGX2WZ59OWDN,1,WB,10.398,150,2.839
0.03,COMP,1,APGX2WZ59OWDN,1,WB,9.548,150,3.385
0.02,COMP,1,APGX2WZ59OWDN,1,WB,6.162,150,4.357
0.03,COMP,1,APGX2WZ59OWDN,1,WB,10.844,300,5.033
0.02,COMP,1,APGX2WZ59OWDN,1,WB,7.623,75,2.832
0.02,COMP,1,APGX2WZ59OWDN,1,WB,7.027,150,2.944
0.03,COMP,1,APGX2WZ59OWDN,1,WB,8.2,75,2.653
0.08,COMP,1,APGX2WZ59OWDN,1,WB,5.555,75,2.609
0.02,COMP,1,APGX2WZ59OWDN,1,WB,4.52,75,3.226
0.03,COMP,1,APGX2WZ59OWDN,1,WB,5.17,300,2.134
0.12,COMP,1,APGX2WZ59OWDN,0,WB,8.886,300,5.782
0.03,COMP,1,APGX2WZ59OWDN,1,WB,6.251,300,4.553
0.03,COMP,1,APGX2WZ59OWDN,1,WB,6.648,300,3.87
0.02,COMP,1,APGX2WZ59OWDN,1,WB,6.201,150,2.444
0.02,COMP,1,APGX2WZ59OWDN,1,WB,7.192,75,2.457
0.07,COMP,1,APGX2WZ59OWDN,1,WB,5.484,300,2.335
0.02,COMP,1,APGX2WZ59OWDN,1,WB,6.685,75,2.017
0.02,COMP,1,APGX2WZ59OWDN,1,WB,5.488,150,2.137
0.03,COMP,1,APGX2WZ59OWDN,1,WB,8.534,150,3.754
0.03,COMP,1,APGX2WZ59OWDN,1,WB,5.822,75,2.257
0.03,COMP,1,APGX2WZ59OWDN,1,WB,4.043,75,2.132
0.08,COMP,1,APGX2WZ59OWDN,1,WB,7.208,75,2.022
0.02,COMP,1,APGX2WZ59OWDN,1,WB,8.515,300,2.653
0.07,COMP,1,APGX2WZ59OWDN,1,WB,5.358,300,2.152
0.02,COMP,1,APGX2WZ59OWDN,1,WB,9.286,150,2.075
0.03,COMP,1,APGX2WZ59OWDN,1,WB,4.531,150,2.033
0.03,COMP,1,APGX2WZ59OWDN,1,WB,4.486,300,2.001
0.03,COMP,1,APGX2WZ59OWDN,1,WB,5.258,300,1.815
0.03,COMP,1,APGX2WZ59OWDN,1,WB,6.294,150,4.124
0.02,COMP,1,A3O5EU9QQV2OS1,1,KB,8.697,75,5.101
0.07,COMP,1,A3O5EU9QQV2OS1,1,KB,7.96,150,6.208
0.03,COMP,1,A3O5EU9QQV2OS1,1,KB,15.845,75,2.109
0.07,COMP,1,A3O5EU9QQV2OS1,1,KB,4.791,75,3.136
0.18,COMP,1,A3O5EU9QQV2OS1,0,KB,6.706,150,3.053
0.07,COMP,1,A3O5EU9QQV2OS1,1,KB,5.749,300,4.534
0.12,COMP,1,A3O5EU9QQV2OS1,0,KB,5.082,150,2.558
0.13,COMP,1,A3O5EU9QQV2OS1,0,KB,6.737,300,2.552
0.13,COMP,1,A3O5EU9QQV2OS1,0,KB,4.171,300,2.586
0.02,COMP,1,A3O5EU9QQV2OS1,1,KB,4.078,75,2.674
0.03,COMP,0,A3O5EU9QQV2OS1,1,KB,8.724,75,3.909
0.08,COMP,1,A3O5EU9QQV2OS1,1,KB,11.923,300,2.689
0.03,COMP,1,A3O5EU9QQV2OS1,1,KB,6.638,75,3.83
0.17,COMP,1,A3O5EU9QQV2OS1,0,KB,9.048,300,2.841
0.02,COMP,1,A3O5EU9QQV2OS1,1,KB,12.223,150,1.914
0.13,COMP,1,A3O5EU9QQV2OS1,0,KB,7.39,300,5.725
0.12,COMP,1,A3O5EU9QQV2OS1,0,KB,5.767,300,2.084
0.03,COMP,1,A3O5EU9QQV2OS1,1,KB,4.905,300,3.389
0.13,COMP,1,A3O5EU9QQV2OS1,0,KB,3.599,150,2.18
0.02,COMP,1,A3O5EU9QQV2OS1,1,KB,6.624,300,3.872
0.07,COMP,1,A3O5EU9QQV2OS1,1,KB,5.221,75,3.314
0.03,COMP,1,A3O5EU9QQV2OS1,1,KB,4.866,75,2.458
0.02,COMP,1,A3O5EU9QQV2OS1,1,KB,6.083,150,2.908
0.08,COMP,1,A3O5EU9QQV2OS1,1,KB,5.925,150,4.188
0.02,COMP,1,A3O5EU9QQV2OS1,1,KB,5.811,75,4.258
0.08,COMP,1,A3O5EU9QQV2OS1,1,KB,4.391,150,3.467
0.13,COMP,1,A3O5EU9QQV2OS1,0,KB,5.018,75,3.902
0.12,COMP,1,A3O5EU9QQV2OS1,0,KB,6.071,300,2.195
0.07,COMP,1,A3O5EU9QQV2OS1,1,KB,5.244,150,3.215
0.17,COMP,1,A3O5EU9QQV2OS1,0,KB,7.251,150,3.989
0.12,COMP,1,A2LC2DS8OH7NCA,0,TM,5.46,300,3.18
0.12,COMP,1,A2LC2DS8OH7NCA,0,TM,6.816,75,4.192
0.02,COMP,1,A2LC2DS8OH7NCA,1,TM,4.386,75,2.186
0.12,COMP,1,A2LC2DS8OH7NCA,0,TM,10.276,300,2.3
0.18,COMP,1,A2LC2DS8OH7NCA,0,TM,6.528,75,2.914
0.07,COMP,1,A2LC2DS8OH7NCA,1,TM,5.906,150,2.266
0.08,COMP,1,A2LC2DS8OH7NCA,1,TM,8.38,150,2.556
0.07,COMP,1,A2LC2DS8OH7NCA,1,TM,5.596,75,2.06
0.03,COMP,1,A2LC2DS8OH7NCA,1,TM,8.95,300,2.536
0.12,COMP,1,A2LC2DS8OH7NCA,0,TM,7.288,75,4.72
0.02,COMP,1,A2LC2DS8OH7NCA,1,TM,5.5,300,2.916
0.03,COMP,1,A2LC2DS8OH7NCA,1,TM,5.448,150,3.272
0.08,COMP,1,A2LC2DS8OH7NCA,1,TM,4.46,150,2.238
0.13,COMP,1,A2LC2DS8OH7NCA,0,TM,6.378,300,2.796
0.03,COMP,1,A2LC2DS8OH7NCA,1,TM,4.45,150,2.042
0.13,COMP,1,A2LC2DS8OH7NCA,0,TM,4.642,150,3.65
0.02,COMP,1,A2LC2DS8OH7NCA,1,TM,9.386,75,2.53
0.12,COMP,1,A2LC2DS8OH7NCA,0,TM,4.704,300,2.488
0.03,COMP,1,A2LC2DS8OH7NCA,1,TM,4.698,75,3.332
0.02,COMP,0,A2LC2DS8OH7NCA,1,TM,7.004,150,5.484
0.02,COMP,1,A2LC2DS8OH7NCA,1,TM,9.748,75,3.022
0.02,COMP,1,A2LC2DS8OH7NCA,1,TM,5.976,150,3.09
0.08,COMP,1,A2LC2DS8OH7NCA,1,TM,6.032,300,3.81
0.03,COMP,1,A2LC2DS8OH7NCA,1,TM,5.728,75,2.416
0.07,COMP,1,A2LC2DS8OH7NCA,1,TM,6.028,150,3.156
0.13,COMP,1,A2LC2DS8OH7NCA,0,TM,6.03,300,2.036
0.03,COMP,1,A2LC2DS8OH7NCA,1,TM,6.128,150,2.376
0.03,COMP,1,A2LC2DS8OH7NCA,1,TM,6.166,75,2.632
0.02,COMP,1,A2LC2DS8OH7NCA,1,TM,5.452,300,2.332
0.12,COMP,1,A2LC2DS8OH7NCA,0,TM,4.588,300,2.756
0.07,COMP,1,ARG392N6HWZCJ,1,KB,8.902,300,3.943
0.08,COMP,1,ARG392N6HWZCJ,1,KB,3.744,150,2.04
0.13,COMP,1,ARG392N6HWZCJ,0,KB,3.752,75,1.948
0.03,COMP,1,ARG392N6HWZCJ,1,KB,4.3,300,2.541
0.18,COMP,1,ARG392N6HWZCJ,0,KB,9.445,150,6.45
0.02,COMP,1,ARG392N6HWZCJ,1,KB,4.705,150,3.533
0.02,COMP,1,ARG392N6HWZCJ,1,KB,5.223,75,2.979
0.07,COMP,1,ARG392N6HWZCJ,1,KB,6.599,75,3.5
0.02,COMP,1,ARG392N6HWZCJ,1,KB,5.498,300,3.943
0.03,COMP,1,ARG392N6HWZCJ,1,KB,4.698,75,2.854
0.07,COMP,1,ARG392N6HWZCJ,1,KB,5.067,150,3.811
0.08,COMP,1,ARG392N6HWZCJ,1,KB,5.769,300,3.818
0.13,COMP,1,ARG392N6HWZCJ,0,KB,5.776,150,2.72
0.02,COMP,1,ARG392N6HWZCJ,1,KB,3.71,300,2.847
0.02,COMP,1,ARG392N6HWZCJ,1,KB,6.215,150,3.816
0.07,COMP,1,ARG392N6HWZCJ,1,KB,7.59,75,6.098
0.18,COMP,1,ARG392N6HWZCJ,0,KB,13.827,75,4.968
0.07,COMP,1,ARG392N6HWZCJ,1,KB,4.858,150,3.147
0.02,COMP,1,ARG392N6HWZCJ,1,KB,7.8,150,6.377
0.13,COMP,1,ARG392N6HWZCJ,0,KB,3.11,300,2.026
0.13,COMP,1,ARG392N6HWZCJ,0,KB,3.144,75,1.912
0.07,COMP,1,ARG392N6HWZCJ,1,KB,7.277,75,2.447
0.07,COMP,1,ARG392N6HWZCJ,1,KB,3.527,150,2.464
0.03,COMP,1,ARG392N6HWZCJ,1,KB,3.524,150,2.853
0.23,COMP,1,ARG392N6HWZCJ,0,KB,3.123,300,1.931
0.07,COMP,1,ARG392N6HWZCJ,1,KB,3.252,300,2.292
0.08,COMP,1,ARG392N6HWZCJ,1,KB,2.942,300,2.223
0.17,COMP,1,ARG392N6HWZCJ,0,KB,3.077,75,2.166
0.03,COMP,1,ARG392N6HWZCJ,1,KB,5.944,300,2.241
0.08,COMP,1,ARG392N6HWZCJ,1,KB,3.463,75,2.706
0.03,COMP,1,A26UIS59SY4NM6,1,KB,9.455,150,3.992
0.03,COMP,1,A26UIS59SY4NM6,1,KB,4.845,150,3.358
0.03,COMP,1,A26UIS59SY4NM6,1,KB,14.728,75,4.442
0.18,COMP,1,A26UIS59SY4NM6,0,KB,7.667,150,4.524
0.13,COMP,1,A26UIS59SY4NM6,0,KB,8.439,300,5.751
0.08,COMP,1,A26UIS59SY4NM6,1,KB,7.632,300,5.328
0.02,COMP,1,A26UIS59SY4NM6,1,KB,5.911,75,3.503
0.12,COMP,1,A26UIS59SY4NM6,0,KB,7.323,300,4.292
0.13,COMP,1,A26UIS59SY4NM6,0,KB,8.535,300,5.488
0.02,COMP,1,A26UIS59SY4NM6,1,KB,5.607,150,3.68
0.02,COMP,1,A26UIS59SY4NM6,1,KB,8.041,75,4.249
0.03,COMP,1,A26UIS59SY4NM6,1,KB,7.565,75,3.685
0.03,COMP,1,A26UIS59SY4NM6,1,KB,5.458,150,2.506
0.13,COMP,1,A26UIS59SY4NM6,0,KB,7.528,75,3.561
0.12,COMP,1,A26UIS59SY4NM6,0,KB,5.222,300,3.086
0.07,COMP,1,A26UIS59SY4NM6,1,KB,6.546,150,3.035
0.47,COMP,1,A26UIS59SY4NM6,0,KB,7.313,300,4.011
0.02,COMP,1,A26UIS59SY4NM6,1,KB,5.604,300,3.165
0.02,COMP,1,A26UIS59SY4NM6,1,KB,5.112,75,3.304
0.02,COMP,1,A26UIS59SY4NM6,1,KB,7.867,75,3.372
0.08,COMP,1,A26UIS59SY4NM6,1,KB,8.554,150,5.594
0.08,COMP,1,A26UIS59SY4NM6,1,KB,9.202,150,5.546
0.02,COMP,0,A26UIS59SY4NM6,1,KB,7.38,75,3.181
0.07,COMP,1,A26UIS59SY4NM6,1,KB,6.969,300,2.897
0.03,COMP,1,A26UIS59SY4NM6,1,KB,5.512,150,4.233
0.03,COMP,1,A26UIS59SY4NM6,1,KB,4.587,150,2.987
0.03,COMP,1,A26UIS59SY4NM6,1,KB,5.435,75,3.404
0.02,COMP,1,A26UIS59SY4NM6,1,KB,4.706,300,2.747
0.03,COMP,1,A26UIS59SY4NM6,1,KB,8.267,300,4.276
0.02,COMP,1,A26UIS59SY4NM6,1,KB,5.971,75,4.125
0.17,COMP,1,A2NEP51CWP5VQT,0,LL,8.576,150,4.944
0.12,COMP,1,A2NEP51CWP5VQT,0,LL,12.152,75,4.09
0.07,COMP,1,A2NEP51CWP5VQT,1,LL,17.532,150,15.578
0.03,COMP,1,A2NEP51CWP5VQT,1,LL,12.896,75,11.962
0.02,COMP,1,A2NEP51CWP5VQT,1,LL,16.49,300,9.354
0.87,COMP,0,A2NEP51CWP5VQT,0,LL,16.266,75,3.396
0.02,COMP,1,A2NEP51CWP5VQT,1,LL,13.712,300,9.186
0.03,COMP,1,A2NEP51CWP5VQT,1,LL,7.664,150,4.266
0.12,COMP,1,A2NEP51CWP5VQT,0,LL,12.928,300,8.918
0.17,COMP,1,A2NEP51CWP5VQT,0,LL,11.074,300,9.75
0.07,COMP,1,A2NEP51CWP5VQT,1,LL,19.774,300,6.576
0.03,COMP,1,A2NEP51CWP5VQT,1,LL,9.186,150,5.82
0.02,COMP,1,A2NEP51CWP5VQT,1,LL,7.948,300,6.102
0.07,COMP,1,A2NEP51CWP5VQT,1,LL,8.802,300,6.272
0.03,COMP,1,A2NEP51CWP5VQT,1,LL,13.232,150,8.52
0.08,COMP,1,A2NEP51CWP5VQT,1,LL,8.23,75,3.932
0.02,COMP,1,A2NEP51CWP5VQT,1,LL,9.66,300,8.674
0.02,COMP,1,A2NEP51CWP5VQT,1,LL,9.068,150,6.236
0.03,COMP,1,A2NEP51CWP5VQT,1,LL,8.14,75,6.342
0.07,COMP,1,A2NEP51CWP5VQT,1,LL,6.924,300,4.99
0.03,COMP,1,A2NEP51CWP5VQT,1,LL,10.918,75,4.498
0.03,COMP,1,A2NEP51CWP5VQT,1,LL,8.294,150,4.184
0.03,COMP,1,A2NEP51CWP5VQT,1,LL,8.862,75,3.592
0.02,COMP,1,A2NEP51CWP5VQT,1,LL,5.616,150,2.65
0.03,COMP,1,A2NEP51CWP5VQT,1,LL,15.758,75,3.448
0.17,COMP,1,A2NEP51CWP5VQT,0,LL,7.136,150,5.756
0.12,COMP,1,A2NEP51CWP5VQT,0,LL,5.812,75,2.996
0.23,COMP,1,A2NEP51CWP5VQT,0,LL,7.226,150,5.27
0.03,COMP,1,A2NEP51CWP5VQT,1,LL,5.266,75,3.74
0.33,COMP,0,A2NEP51CWP5VQT,0,LL,10.946,300,5.43
0.57,COMP,0,A1EOVMNNT8Q370,0,ZP,3.695,150,1.535
0.13,COMP,1,A1EOVMNNT8Q370,0,ZP,2.715,150,1.732
0.73,COMP,0,A1EOVMNNT8Q370,0,ZP,2.275,300,1.495
0.48,COMP,0,A1EOVMNNT8Q370,0,ZP,2.227,300,1.477
0.33,COMP,0,A1EOVMNNT8Q370,0,ZP,2.479,75,1.671
0.02,COMP,0,A1EOVMNNT8Q370,1,ZP,2.59,75,1.866
0.07,COMP,1,A1EOVMNNT8Q370,1,ZP,2.947,75,1.829
0.17,COMP,0,A1EOVMNNT8Q370,0,ZP,2.445,150,1.559
0.12,COMP,0,A1EOVMNNT8Q370,0,ZP,2.867,75,1.667
0.13,COMP,0,A1EOVMNNT8Q370,0,ZP,2.861,75,1.877
0.47,COMP,0,A1EOVMNNT8Q370,0,ZP,2.856,300,1.24
0.72,COMP,0,A1EOVMNNT8Q370,0,ZP,2.702,300,2.013
0.18,COMP,1,A1EOVMNNT8Q370,0,ZP,2.272,75,1.546
0.72,COMP,1,A1EOVMNNT8Q370,0,ZP,2.326,300,1.575
0.28,COMP,1,A1EOVMNNT8Q370,0,ZP,2.209,300,1.464
0.27,COMP,0,A1EOVMNNT8Q370,0,ZP,2.18,150,1.502
0.02,COMP,1,A1EOVMNNT8Q370,1,ZP,2.504,75,1.544
0.52,COMP,0,A1EOVMNNT8Q370,0,ZP,2.462,300,1.505
0.43,COMP,0,A1EOVMNNT8Q370,0,ZP,3.076,150,1.797
0.28,COMP,1,A1EOVMNNT8Q370,0,ZP,2.424,300,1.602
0.37,COMP,1,A1EOVMNNT8Q370,0,ZP,2.461,150,1.446
0.03,COMP,1,A1EOVMNNT8Q370,1,ZP,2.377,150,1.587
0.32,COMP,0,A1EOVMNNT8Q370,0,ZP,2.184,75,1.449
0.42,COMP,0,A1EOVMNNT8Q370,0,ZP,2.485,75,1.572
0.33,COMP,0,A1EOVMNNT8Q370,0,ZP,2.202,150,1.321
0.52,COMP,1,A1EOVMNNT8Q370,0,ZP,2.36,75,1.561
0.43,COMP,0,A1EOVMNNT8Q370,0,ZP,2.83,300,1.95
0.57,COMP,1,A1EOVMNNT8Q370,0,ZP,2.665,300,1.773
0.62,COMP,0,A1EOVMNNT8Q370,0,ZP,2.607,150,1.768
0.38,COMP,1,A1EOVMNNT8Q370,0,ZP,3.458,150,2.564
0.38,COMP,0,A1F4N58CAX8IMK,0,ZP,8.811,300,4.53
0.12,COMP,1,A1F4N58CAX8IMK,0,ZP,6.773,150,2.846
0.02,COMP,1,A1F4N58CAX8IMK,1,ZP,4.127,300,2.918
0.27,COMP,1,A1F4N58CAX8IMK,0,ZP,4.613,300,3.372
0.62,COMP,1,A1F4N58CAX8IMK,0,ZP,11.697,150,9.434
0.27,COMP,0,A1F4N58CAX8IMK,0,ZP,16.096,75,15.049
0.48,COMP,0,A1F4N58CAX8IMK,0,ZP,5.524,75,3.66
0.12,COMP,1,A1F4N58CAX8IMK,0,ZP,4.946,150,3.129
0.13,COMP,1,A1F4N58CAX8IMK,0,ZP,7.717,150,4.87
0.08,COMP,0,A1F4N58CAX8IMK,1,ZP,3.932,300,2.797
0.18,COMP,0,A1F4N58CAX8IMK,0,ZP,7.607,300,6.279
0.72,COMP,1,A1F4N58CAX8IMK,0,ZP,5.029,75,2.485
0.33,COMP,0,A1F4N58CAX8IMK,0,ZP,3.349,150,1.862
0.17,COMP,1,A1F4N58CAX8IMK,0,ZP,7.185,300,4.25
0.22,COMP,1,A1F4N58CAX8IMK,0,ZP,4.67,300,2.631
0.32,COMP,1,A1F4N58CAX8IMK,0,ZP,4.077,300,3.246
0.32,COMP,1,A1F4N58CAX8IMK,0,ZP,3.133,300,2.045
0.63,COMP,1,A1F4N58CAX8IMK,0,ZP,4.599,75,2.704
0.33,COMP,0,A1F4N58CAX8IMK,0,ZP,9.516,300,6.141
0.18,COMP,1,A1F4N58CAX8IMK,0,ZP,7.84,150,5.888
0.18,COMP,1,A1F4N58CAX8IMK,0,ZP,15.091,150,13.867
0.33,COMP,1,A1F4N58CAX8IMK,0,ZP,3.228,75,2.179
0.47,COMP,1,A1F4N58CAX8IMK,0,ZP,3.263,150,2.392
0.37,COMP,0,A1F4N58CAX8IMK,0,ZP,4.753,75,3.481
0.32,COMP,0,A1F4N58CAX8IMK,0,ZP,5.326,75,2.943
0.33,COMP,0,A1F4N58CAX8IMK,0,ZP,6.589,75,4.19
0.82,COMP,1,A1F4N58CAX8IMK,0,ZP,3.432,150,2.472
0.37,COMP,0,A1F4N58CAX8IMK,0,ZP,3.928,150,2.648
0.03,COMP,1,A1F4N58CAX8IMK,1,ZP,4.613,75,1.998
0.42,COMP,1,A1F4N58CAX8IMK,0,ZP,6.107,75,3.211
0.48,COMP,1,AL158Z6G37M83,0,KB,21.546,150,14.124
0.27,COMP,0,AL158Z6G37M83,0,KB,23.744,75,10.424
0.12,COMP,1,AL158Z6G37M83,0,KB,17.855,150,14.329
0.03,COMP,1,AL158Z6G37M83,1,KB,9.348,150,7.204
0.68,COMP,0,AL158Z6G37M83,0,KB,18.373,75,7.338
0.52,COMP,1,AL158Z6G37M83,0,KB,20.889,75,8.523
0.67,COMP,0,AL158Z6G37M83,0,KB,25.788,75,14.997
0.42,COMP,0,AL158Z6G37M83,0,KB,16.624,150,9.917
0.72,COMP,1,AL158Z6G37M83,0,KB,12.789,300,11.134
0.33,COMP,1,AL158Z6G37M83,0,KB,7.117,300,5.166
0.78,COMP,0,AL158Z6G37M83,0,KB,18.482,300,15.53
0.52,COMP,0,AL158Z6G37M83,0,KB,17.607,75,9.272
0.87,COMP,0,AL158Z6G37M83,0,KB,9.806,300,5.184
0.78,COMP,0,AL158Z6G37M83,0,KB,13.259,150,6.492
0.57,COMP,0,AL158Z6G37M83,0,KB,18.954,150,6.331
0.87,COMP,1,AL158Z6G37M83,0,KB,10.789,150,7.287
0.13,COMP,1,AL158Z6G37M83,0,KB,18.457,75,4.611
0.12,COMP,1,AL158Z6G37M83,0,KB,16.069,75,5.564
0.43,COMP,0,AL158Z6G37M83,0,KB,14.156,75,6.493
0.28,COMP,1,AL158Z6G37M83,0,KB,11.168,150,6.161
0.18,COMP,1,AL158Z6G37M83,0,KB,7.562,150,4.989
0.67,COMP,0,AL158Z6G37M83,0,KB,8.284,150,4.66
0.03,COMP,1,AL158Z6G37M83,1,KB,10.897,75,4.738
0.18,COMP,1,AL158Z6G37M83,0,KB,10.773,75,4.868
0.12,COMP,0,AL158Z6G37M83,0,KB,10.862,300,8.576
0.57,COMP,1,AL158Z6G37M83,0,KB,9.242,300,7.085
0.03,COMP,1,AL158Z6G37M83,1,KB,8.255,300,5.838
0.43,COMP,0,AL158Z6G37M83,0,KB,7.509,300,4.211
0.42,COMP,0,AL158Z6G37M83,0,KB,9.246,300,5.863
0.03,COMP,1,A2HPEX0788BPXI,1,PB,7.154,150,3.657
0.12,COMP,1,A2HPEX0788BPXI,0,PB,4.827,300,2.9
0.03,COMP,1,A2HPEX0788BPXI,1,PB,7.444,75,2.397
0.02,COMP,1,A2HPEX0788BPXI,1,PB,6.608,300,2.419
0.08,COMP,1,A2HPEX0788BPXI,1,PB,4.971,75,3.516
0.08,COMP,1,A2HPEX0788BPXI,1,PB,6.425,300,2.241
0.03,COMP,1,A2HPEX0788BPXI,1,PB,7.071,300,3.096
0.02,COMP,1,A2HPEX0788BPXI,1,PB,5.956,300,3.5
0.07,COMP,1,A2HPEX0788BPXI,1,PB,6.348,75,2.325
0.07,COMP,1,A2HPEX0788BPXI,1,PB,5.191,150,3.28
0.03,COMP,1,A2HPEX0788BPXI,1,PB,6.459,150,3.835
0.02,COMP,1,A2HPEX0788BPXI,1,PB,4.353,75,2.522
0.02,COMP,1,A2HPEX0788BPXI,1,PB,6.961,300,2.506
0.03,COMP,1,A2HPEX0788BPXI,1,PB,7.673,75,3.193
0.07,COMP,1,A2HPEX0788BPXI,1,PB,7.98,75,2.118
0.02,COMP,1,A2HPEX0788BPXI,1,PB,5.485,300,2.694
0.12,COMP,1,A2HPEX0788BPXI,0,PB,6.641,300,3.419
0.02,COMP,1,A2HPEX0788BPXI,1,PB,6.676,300,3.853
0.03,COMP,1,A2HPEX0788BPXI,1,PB,5.558,150,1.95
0.07,COMP,1,A2HPEX0788BPXI,1,PB,5.937,150,2.212
0.12,COMP,1,A2HPEX0788BPXI,0,PB,5.538,75,2.232
0.12,COMP,1,A2HPEX0788BPXI,0,PB,5.16,150,2.306
0.23,COMP,1,A2HPEX0788BPXI,0,PB,3.481,75,2.002
0.03,COMP,1,A2HPEX0788BPXI,1,PB,5.945,75,2.434
0.02,COMP,1,A2HPEX0788BPXI,1,PB,4.457,150,2.403
0.08,COMP,1,A2HPEX0788BPXI,1,PB,5.896,150,2.433
0.03,COMP,1,A2HPEX0788BPXI,1,PB,4.927,300,2.294
0.07,COMP,1,A2HPEX0788BPXI,1,PB,3.658,75,2.163
0.02,COMP,1,A2HPEX0788BPXI,1,PB,4.332,150,2.38
0.08,COMP,1,A2HPEX0788BPXI,1,PB,4.18,150,2.293
0.23,COMP,1,A31681CCEVDIH3,0,PB,14.704,150,3.842
0.78,COMP,0,A31681CCEVDIH3,0,PB,11.462,150,6.49
0.07,COMP,1,A31681CCEVDIH3,1,PB,10.052,300,8.37
0.02,COMP,1,A31681CCEVDIH3,1,PB,5.636,150,3.928
0.32,COMP,1,A31681CCEVDIH3,0,PB,5.674,75,2.838
0.02,COMP,1,A31681CCEVDIH3,1,PB,8.128,75,5.726
0.47,COMP,1,A31681CCEVDIH3,0,PB,4.728,300,2.788
0.08,COMP,1,A31681CCEVDIH3,1,PB,4.904,150,2.894
0.67,COMP,0,A31681CCEVDIH3,0,PB,5.548,150,3.732
0.12,COMP,0,A31681CCEVDIH3,0,PB,4.362,300,2.998
0.17,COMP,0,A31681CCEVDIH3,0,PB,4.602,300,2.056
0.22,COMP,0,A31681CCEVDIH3,0,PB,6.434,75,3.466
0.12,COMP,1,A31681CCEVDIH3,0,PB,6.386,75,3.924
0.22,COMP,1,A31681CCEVDIH3,0,PB,7.804,150,3.898
0.53,COMP,1,A31681CCEVDIH3,0,PB,5.132,75,2.778
0.33,COMP,0,A31681CCEVDIH3,0,PB,5.19,300,3.068
0.52,COMP,1,A31681CCEVDIH3,0,PB,5.846,75,2.88
0.42,COMP,1,A31681CCEVDIH3,0,PB,6.088,150,5.114
0.42,COMP,1,A31681CCEVDIH3,0,PB,6.808,150,5.114
0.87,COMP,1,A31681CCEVDIH3,0,PB,7.37,300,5.088
0.13,COMP,0,A31681CCEVDIH3,0,PB,6.58,75,4.562
0.42,COMP,1,A31681CCEVDIH3,0,PB,3.518,150,1.972
0.13,COMP,1,A31681CCEVDIH3,0,PB,5.938,150,4.356
0.08,COMP,0,A31681CCEVDIH3,1,PB,24.344,300,21.292
0.38,COMP,1,A31681CCEVDIH3,0,PB,7.192,300,3.542
0.33,COMP,1,A31681CCEVDIH3,0,PB,13.594,300,11.804
0.47,COMP,1,A31681CCEVDIH3,0,PB,6.048,300,3.102
0.32,COMP,1,A31681CCEVDIH3,0,PB,8.304,75,3.29
0.37,COMP,1,A31681CCEVDIH3,0,PB,7.836,300,4.55
0.18,COMP,1,A31681CCEVDIH3,0,PB,9.446,150,6.276
0.12,COMP,1,A2WAQLPXT615HQ,0,LL,5.644,75,2.335
0.03,COMP,1,A2WAQLPXT615HQ,1,LL,11.804,150,6.797
0.03,COMP,1,A2WAQLPXT615HQ,1,LL,10.064,75,3.066
0.02,COMP,1,A2WAQLPXT615HQ,1,LL,12.772,300,7.938
0.02,COMP,1,A2WAQLPXT615HQ,1,LL,9.195,75,5.675
0.02,COMP,1,A2WAQLPXT615HQ,1,LL,5.473,75,3.31
0.03,COMP,1,A2WAQLPXT615HQ,1,LL,10.014,300,8.746
0.03,COMP,1,A2WAQLPXT615HQ,1,LL,9.077,300,8.043
0.07,COMP,1,A2WAQLPXT615HQ,1,LL,11.959,300,9.961
0.02,COMP,1,A2WAQLPXT615HQ,1,LL,8.533,75,7.122
0.03,COMP,1,A2WAQLPXT615HQ,1,LL,13.616,150,5.4
0.08,COMP,1,A2WAQLPXT615HQ,1,LL,8.235,75,4.101
0.02,COMP,1,A2WAQLPXT615HQ,1,LL,8.423,75,3.683
0.07,COMP,1,A2WAQLPXT615HQ,1,LL,6.984,150,3.005
0.07,COMP,1,A2WAQLPXT615HQ,1,LL,6.043,150,4.427
0.03,COMP,1,A2WAQLPXT615HQ,1,LL,8.078,150,6.407
0.07,COMP,1,A2WAQLPXT615HQ,1,LL,8.467,150,6.134
0.03,COMP,1,A2WAQLPXT615HQ,1,LL,8.944,150,4.915
0.03,COMP,1,A2WAQLPXT615HQ,1,LL,10.322,300,9.173
0.03,COMP,1,A2WAQLPXT615HQ,1,LL,13.605,300,5.488
0.03,COMP,1,A2WAQLPXT615HQ,1,LL,7.16,75,4.104
0.02,COMP,1,A2WAQLPXT615HQ,1,LL,7.094,300,5.1
0.02,COMP,1,A2WAQLPXT615HQ,1,LL,8.992,150,4.922
0.02,COMP,1,A2WAQLPXT615HQ,1,LL,6.578,75,3.333
0.03,COMP,1,A2WAQLPXT615HQ,1,LL,6.69,150,5.607
0.08,COMP,1,A2WAQLPXT615HQ,1,LL,8.772,300,6.903
0.03,COMP,1,A2WAQLPXT615HQ,1,LL,13.0,300,9.358
0.08,COMP,1,A2WAQLPXT615HQ,1,LL,8.194,150,6.474
0.07,COMP,1,A2WAQLPXT615HQ,1,LL,8.092,75,4.302
0.02,COMP,1,A2WAQLPXT615HQ,1,LL,14.032,300,12.361
0.17,COMP,1,AS7D4MNIH56ND,0,LL,224.252,150,222.644
0.12,COMP,1,AS7D4MNIH56ND,0,LL,4.372,75,2.012
0.27,COMP,1,AS7D4MNIH56ND,0,LL,6.839,150,5.807
0.18,COMP,1,AS7D4MNIH56ND,0,LL,15.016,75,4.543
0.22,COMP,1,AS7D4MNIH56ND,0,LL,3.445,75,2.447
0.17,COMP,1,AS7D4MNIH56ND,0,LL,4.781,75,3.284
0.12,COMP,1,AS7D4MNIH56ND,0,LL,12.005,75,10.94
0.02,COMP,1,AS7D4MNIH56ND,1,LL,8.356,150,7.276
0.22,COMP,1,AS7D4MNIH56ND,0,LL,4.97,300,3.578
0.02,COMP,1,AS7D4MNIH56ND,1,LL,5.05,75,3.506
0.38,COMP,1,AS7D4MNIH56ND,0,LL,4.325,300,3.524
0.18,COMP,1,AS7D4MNIH56ND,0,LL,4.389,150,2.605
0.03,COMP,1,AS7D4MNIH56ND,1,LL,5.069,75,2.371
0.02,COMP,1,AS7D4MNIH56ND,1,LL,16.149,300,14.518
0.03,COMP,1,AS7D4MNIH56ND,1,LL,5.695,300,2.8
0.22,COMP,1,AS7D4MNIH56ND,0,LL,173.221,75,172.341
0.47,COMP,0,AS7D4MNIH56ND,0,LL,5.338,300,2.763
0.02,COMP,1,AS7D4MNIH56ND,1,LL,4.756,300,4.1
0.17,COMP,1,AS7D4MNIH56ND,0,LL,14.39,150,13.279
0.08,COMP,1,AS7D4MNIH56ND,1,LL,4.125,75,1.597
0.18,COMP,1,AS7D4MNIH56ND,0,LL,4.513,150,3.57
0.28,COMP,1,AS7D4MNIH56ND,0,LL,11.886,300,2.901
0.02,COMP,1,AS7D4MNIH56ND,1,LL,6.325,150,3.253
0.07,COMP,1,AS7D4MNIH56ND,1,LL,9.76,300,8.472
0.03,COMP,1,AS7D4MNIH56ND,1,LL,4.965,150,3.781
0.18,COMP,1,AS7D4MNIH56ND,0,LL,11.226,300,8.988
0.07,COMP,1,AS7D4MNIH56ND,1,LL,4.468,300,3.574
0.02,COMP,1,AS7D4MNIH56ND,1,LL,4.703,75,3.212
0.02,COMP,1,AS7D4MNIH56ND,1,LL,4.424,150,3.361
0.18,COMP,1,AS7D4MNIH56ND,0,LL,8.998,150,6.839
0.03,COMP,1,A1E1ZAHNCSVLIT,1,PB,38.417,150,4.94
0.07,COMP,1,A1E1ZAHNCSVLIT,1,PB,11.747,300,3.318
0.07,COMP,1,A1E1ZAHNCSVLIT,1,PB,20.33,150,6.277
0.02,COMP,1,A1E1ZAHNCSVLIT,1,PB,11.17,300,3.555
0.03,COMP,1,A1E1ZAHNCSVLIT,1,PB,15.801,300,3.584
0.07,COMP,1,A1E1ZAHNCSVLIT,1,PB,22.325,75,7.56
0.12,COMP,1,A1E1ZAHNCSVLIT,0,PB,15.326,75,4.142
0.03,COMP,1,A1E1ZAHNCSVLIT,1,PB,7.077,150,4.851
0.03,COMP,1,A1E1ZAHNCSVLIT,1,PB,10.009,150,5.372
0.13,COMP,1,A1E1ZAHNCSVLIT,0,PB,5.23,75,2.772
0.02,COMP,1,A1E1ZAHNCSVLIT,1,PB,9.81,75,2.161
0.02,COMP,1,A1E1ZAHNCSVLIT,1,PB,9.341,75,3.173
0.02,COMP,1,A1E1ZAHNCSVLIT,1,PB,7.512,150,3.249
0.02,COMP,1,A1E1ZAHNCSVLIT,1,PB,10.774,300,3.9
0.03,COMP,1,A1E1ZAHNCSVLIT,1,PB,12.729,300,8.436
0.07,COMP,1,A1E1ZAHNCSVLIT,1,PB,8.243,150,3.735
0.02,COMP,1,A1E1ZAHNCSVLIT,1,PB,6.06,75,4.769
0.13,COMP,1,A1E1ZAHNCSVLIT,0,PB,5.816,150,2.381
0.02,COMP,1,A1E1ZAHNCSVLIT,1,PB,9.338,150,2.177
0.02,COMP,1,A1E1ZAHNCSVLIT,1,PB,7.984,300,5.001
0.23,COMP,1,A1E1ZAHNCSVLIT,0,PB,12.833,75,5.447
0.08,COMP,1,A1E1ZAHNCSVLIT,1,PB,12.79,300,2.667
0.03,COMP,1,A1E1ZAHNCSVLIT,1,PB,8.585,150,3.845
0.13,COMP,1,A1E1ZAHNCSVLIT,0,PB,7.019,75,4.207
0.02,COMP,1,A1E1ZAHNCSVLIT,1,PB,4.987,300,2.088
0.03,COMP,1,A1E1ZAHNCSVLIT,1,PB,6.326,75,2.809
0.13,COMP,1,A1E1ZAHNCSVLIT,0,PB,13.043,75,2.752
0.13,COMP,1,A1E1ZAHNCSVLIT,0,PB,5.2,300,2.608
0.02,COMP,1,A1E1ZAHNCSVLIT,1,PB,10.151,300,3.719
0.47,COMP,1,A1E1ZAHNCSVLIT,0,PB,8.472,150,3.915
0.03,COMP,1,ARR3UJTM2ZGK4,1,TM,27.808,300,7.92
0.03,COMP,1,ARR3UJTM2ZGK4,1,TM,18.033,300,9.409
0.02,COMP,1,ARR3UJTM2ZGK4,1,TM,17.639,300,3.439
0.17,COMP,1,ARR3UJTM2ZGK4,0,TM,9.384,300,2.832
0.13,COMP,1,ARR3UJTM2ZGK4,0,TM,16.66,300,2.38
0.07,COMP,1,ARR3UJTM2ZGK4,1,TM,15.892,150,5.744
0.07,COMP,1,ARR3UJTM2ZGK4,1,TM,21.677,150,5.302
0.03,COMP,1,ARR3UJTM2ZGK4,1,TM,16.387,75,13.899
0.03,COMP,1,ARR3UJTM2ZGK4,1,TM,13.684,75,3.013
0.13,COMP,1,ARR3UJTM2ZGK4,0,TM,19.251,150,3.533
0.08,COMP,1,ARR3UJTM2ZGK4,1,TM,17.266,75,4.083
0.02,COMP,1,ARR3UJTM2ZGK4,1,TM,10.368,150,3.432
0.02,COMP,1,ARR3UJTM2ZGK4,1,TM,12.55,150,3.471
0.07,COMP,1,ARR3UJTM2ZGK4,1,TM,21.08,75,6.618
0.03,COMP,1,ARR3UJTM2ZGK4,1,TM,10.697,150,2.146
0.03,COMP,1,ARR3UJTM2ZGK4,1,TM,8.327,75,2.184
0.03,COMP,1,ARR3UJTM2ZGK4,1,TM,17.656,75,4.096
0.08,COMP,1,ARR3UJTM2ZGK4,1,TM,15.481,150,3.905
0.07,COMP,1,ARR3UJTM2ZGK4,1,TM,17.677,75,4.397
0.03,COMP,1,ARR3UJTM2ZGK4,1,TM,11.505,300,4.01
0.02,COMP,1,ARR3UJTM2ZGK4,1,TM,11.539,75,5.036
0.13,COMP,1,ARR3UJTM2ZGK4,0,TM,9.772,75,3.461
0.03,COMP,1,ARR3UJTM2ZGK4,1,TM,8.689,150,4.699
0.13,COMP,1,ARR3UJTM2ZGK4,0,TM,11.159,300,2.583
0.02,COMP,1,ARR3UJTM2ZGK4,1,TM,14.976,300,4.52
0.12,COMP,1,ARR3UJTM2ZGK4,0,TM,11.494,300,4.903
0.02,COMP,1,ARR3UJTM2ZGK4,1,TM,12.579,75,4.252
0.13,COMP,1,ARR3UJTM2ZGK4,0,TM,17.796,150,4.957
0.02,COMP,1,ARR3UJTM2ZGK4,1,TM,14.812,150,3.148
0.02,COMP,1,ARR3UJTM2ZGK4,1,TM,11.457,300,3.537
0.02,COMP,1,AEXF5EUX32U0M,1,TM,7.265,75,5.688
0.28,COMP,1,AEXF5EUX32U0M,0,TM,5.833,300,4.754
0.03,COMP,1,AEXF5EUX32U0M,1,TM,5.762,75,4.619
0.13,COMP,1,AEXF5EUX32U0M,0,TM,5.005,300,3.578
0.22,COMP,1,AEXF5EUX32U0M,0,TM,4.873,300,3.553
0.23,COMP,1,AEXF5EUX32U0M,0,TM,3.811,75,2.349
0.13,COMP,1,AEXF5EUX32U0M,0,TM,5.284,300,3.735
0.18,COMP,1,AEXF5EUX32U0M,0,TM,4.522,150,2.62
0.07,COMP,0,AEXF5EUX32U0M,1,TM,3.911,150,2.544
0.02,COMP,0,AEXF5EUX32U0M,1,TM,4.599,300,2.887
0.03,COMP,1,AEXF5EUX32U0M,1,TM,5.211,75,3.413
0.13,COMP,1,AEXF5EUX32U0M,0,TM,4.497,75,2.626
0.22,COMP,1,AEXF5EUX32U0M,0,TM,3.9,150,3.037
0.02,COMP,1,AEXF5EUX32U0M,1,TM,6.454,75,4.255
0.03,COMP,1,AEXF5EUX32U0M,1,TM,5.662,300,4.113
0.02,COMP,1,AEXF5EUX32U0M,1,TM,4.681,150,3.28
0.12,COMP,1,AEXF5EUX32U0M,0,TM,5.487,300,3.266
0.03,COMP,1,AEXF5EUX32U0M,1,TM,5.644,150,3.508
0.03,COMP,1,AEXF5EUX32U0M,1,TM,5.8,150,3.145
0.17,COMP,1,AEXF5EUX32U0M,0,TM,5.255,75,2.008
0.17,COMP,1,AEXF5EUX32U0M,0,TM,5.014,300,1.854
0.12,COMP,1,AEXF5EUX32U0M,0,TM,4.84,150,2.273
0.07,COMP,1,AEXF5EUX32U0M,1,TM,5.493,300,3.789
0.03,COMP,1,AEXF5EUX32U0M,1,TM,3.986,150,2.316
0.17,COMP,1,AEXF5EUX32U0M,0,TM,3.911,75,2.471
0.13,COMP,1,AEXF5EUX32U0M,0,TM,4.017,150,2.305
0.07,COMP,1,AEXF5EUX32U0M,1,TM,5.642,75,2.867
0.12,COMP,1,AEXF5EUX32U0M,0,TM,4.249,75,3.346
0.17,COMP,1,AEXF5EUX32U0M,0,TM,4.009,150,2.703
0.23,COMP,1,AEXF5EUX32U0M,0,TM,6.17,300,2.131
0.47,COMP,1,A23XJ8I86R0O3B,0,WB,18.188,300,8.317
0.32,COMP,1,A23XJ8I86R0O3B,0,WB,16.37,300,3.907
0.13,COMP,1,A23XJ8I86R0O3B,0,WB,13.673,300,3.518
0.08,COMP,1,A23XJ8I86R0O3B,1,WB,11.115,75,4.074
0.07,COMP,1,A23XJ8I86R0O3B,1,WB,9.687,75,3.528
0.02,COMP,1,A23XJ8I86R0O3B,1,WB,8.718,150,4.87
0.12,COMP,1,A23XJ8I86R0O3B,0,WB,15.578,300,4.872
0.07,COMP,1,A23XJ8I86R0O3B,1,WB,6.474,75,2.411
0.18,COMP,1,A23XJ8I86R0O3B,0,WB,12.524,75,2.307
0.07,COMP,1,A23XJ8I86R0O3B,1,WB,8.179,150,3.02
0.03,COMP,1,A23XJ8I86R0O3B,1,WB,8.076,150,3.141
0.12,COMP,1,A23XJ8I86R0O3B,0,WB,8.666,75,3.824
0.02,COMP,1,A23XJ8I86R0O3B,1,WB,9.765,300,2.118
0.07,COMP,1,A23XJ8I86R0O3B,1,WB,15.686,300,11.238
0.03,COMP,1,A23XJ8I86R0O3B,1,WB,7.844,150,2.052
0.03,COMP,1,A23XJ8I86R0O3B,1,WB,8.426,75,2.474
0.08,COMP,1,A23XJ8I86R0O3B,1,WB,8.645,150,2.605
0.07,COMP,1,A23XJ8I86R0O3B,1,WB,6.496,300,3.137
0.12,COMP,1,A23XJ8I86R0O3B,0,WB,7.61,300,3.741
0.02,COMP,1,A23XJ8I86R0O3B,1,WB,10.147,75,2.284
0.02,COMP,1,A23XJ8I86R0O3B,1,WB,5.374,150,2.942
0.02,COMP,1,A23XJ8I86R0O3B,1,WB,6.766,75,2.317
0.12,COMP,1,A23XJ8I86R0O3B,0,WB,3.781,150,2.662
0.03,COMP,1,A23XJ8I86R0O3B,1,WB,4.537,300,2.961
0.03,COMP,1,A23XJ8I86R0O3B,1,WB,5.976,75,3.217
0.03,COMP,1,A23XJ8I86R0O3B,1,WB,6.444,75,2.774
0.13,COMP,1,A23XJ8I86R0O3B,0,WB,11.315,150,2.739
0.13,COMP,1,A23XJ8I86R0O3B,0,WB,6.514,300,5.242
0.03,COMP,1,A23XJ8I86R0O3B,1,WB,6.789,150,2.982
0.17,COMP,1,A23XJ8I86R0O3B,0,WB,7.351,150,5.28
0.03,COMP,1,A321YWMP74ULKH,1,LL,7.334,75,4.206
0.03,COMP,1,A321YWMP74ULKH,1,LL,7.037,300,5.765
0.03,COMP,1,A321YWMP74ULKH,1,LL,10.904,300,9.472
0.07,COMP,1,A321YWMP74ULKH,1,LL,8.609,150,6.985
0.12,COMP,1,A321YWMP74ULKH,0,LL,8.387,300,5.723
0.17,COMP,1,A321YWMP74ULKH,0,LL,6.28,300,4.736
0.22,COMP,1,A321YWMP74ULKH,0,LL,6.678,75,4.424
0.02,COMP,1,A321YWMP74ULKH,1,LL,11.145,300,8.89
0.08,COMP,1,A321YWMP74ULKH,1,LL,9.794,300,7.922
0.02,COMP,1,A321YWMP74ULKH,1,LL,9.657,300,8.305
0.03,COMP,1,A321YWMP74ULKH,1,LL,9.521,150,8.49
0.07,COMP,1,A321YWMP74ULKH,1,LL,3.355,75,1.98
0.02,COMP,0,A321YWMP74ULKH,1,LL,10.066,75,8.627
0.02,COMP,1,A321YWMP74ULKH,1,LL,4.886,75,2.039
0.12,COMP,1,A321YWMP74ULKH,0,LL,9.902,150,6.334
0.07,COMP,1,A321YWMP74ULKH,1,LL,6.495,150,3.776
0.08,COMP,1,A321YWMP74ULKH,1,LL,9.082,150,6.898
0.02,COMP,1,A321YWMP74ULKH,1,LL,9.087,300,5.936
0.13,COMP,1,A321YWMP74ULKH,0,LL,5.935,75,4.567
0.02,COMP,1,A321YWMP74ULKH,1,LL,6.264,150,3.721
0.07,COMP,1,A321YWMP74ULKH,1,LL,7.863,75,4.408
0.13,COMP,1,A321YWMP74ULKH,0,LL,7.326,75,3.334
0.23,COMP,1,A321YWMP74ULKH,0,LL,7.373,75,4.958
0.18,COMP,1,A321YWMP74ULKH,0,LL,15.298,300,12.411
0.08,COMP,1,A321YWMP74ULKH,1,LL,6.585,150,4.299
0.33,COMP,1,A321YWMP74ULKH,0,LL,9.166,300,7.991
0.42,COMP,1,A321YWMP74ULKH,0,LL,11.273,150,8.88
0.57,COMP,1,A321YWMP74ULKH,0,LL,4.86,150,3.621
0.22,COMP,1,A321YWMP74ULKH,0,LL,5.876,75,4.477
0.18,COMP,1,A321YWMP74ULKH,0,LL,9.487,150,4.03
0.03,COMP,1,AVD6HMIO1HLFI,1,LL,16.634,300,10.01
0.12,COMP,1,AVD6HMIO1HLFI,0,LL,18.65,75,9.69
0.08,COMP,1,AVD6HMIO1HLFI,1,LL,11.96,150,4.33
0.02,COMP,1,AVD6HMIO1HLFI,1,LL,9.512,75,4.928
0.08,COMP,1,AVD6HMIO1HLFI,1,LL,14.532,300,5.624
0.02,COMP,1,AVD6HMIO1HLFI,1,LL,9.814,75,5.426
0.03,COMP,1,AVD6HMIO1HLFI,1,LL,12.938,75,7.112
0.07,COMP,1,AVD6HMIO1HLFI,1,LL,12.32,300,5.4
0.08,COMP,1,AVD6HMIO1HLFI,1,LL,11.244,150,5.802
0.03,COMP,1,AVD6HMIO1HLFI,1,LL,9.392,75,4.796
0.02,COMP,1,AVD6HMIO1HLFI,1,LL,16.66,300,6.42
0.02,COMP,1,AVD6HMIO1HLFI,1,LL,10.908,300,5.7
0.03,COMP,1,AVD6HMIO1HLFI,1,LL,8.514,300,3.964
0.02,COMP,1,AVD6HMIO1HLFI,1,LL,9.596,150,5.73
0.07,COMP,1,AVD6HMIO1HLFI,1,LL,10.038,75,5.706
0.02,COMP,1,AVD6HMIO1HLFI,1,LL,10.968,75,5.13
0.02,COMP,1,AVD6HMIO1HLFI,1,LL,11.128,150,4.676
0.03,COMP,1,AVD6HMIO1HLFI,1,LL,9.894,150,4.05
0.07,COMP,1,AVD6HMIO1HLFI,1,LL,9.34,150,4.732
0.08,COMP,1,AVD6HMIO1HLFI,1,LL,12.246,150,5.614
0.12,COMP,1,AVD6HMIO1HLFI,0,LL,11.254,300,4.27
0.07,COMP,1,AVD6HMIO1HLFI,1,LL,7.916,75,3.294
0.08,COMP,1,AVD6HMIO1HLFI,1,LL,11.24,75,4.242
0.07,COMP,1,AVD6HMIO1HLFI,1,LL,13.232,300,6.95
0.07,COMP,1,AVD6HMIO1HLFI,1,LL,11.692,150,6.614
0.03,COMP,1,AVD6HMIO1HLFI,1,LL,7.784,150,4.032
0.03,COMP,1,AVD6HMIO1HLFI,1,LL,10.232,75,4.528
0.02,COMP,1,AVD6HMIO1HLFI,1,LL,11.776,300,6.378
0.03,COMP,1,AVD6HMIO1HLFI,1,LL,11.412,150,6.098
0.08,COMP,1,AVD6HMIO1HLFI,1,LL,12.472,300,6.386
0.03,COMP,1,A3PP1JY915TWIQ,1,LL,10.752,150,2.629
0.13,COMP,1,A3PP1JY915TWIQ,0,LL,18.462,300,10.917
0.02,COMP,1,A3PP1JY915TWIQ,1,LL,9.489,300,5.66
0.07,COMP,1,A3PP1JY915TWIQ,1,LL,8.129,150,4.557
0.07,COMP,1,A3PP1JY915TWIQ,1,LL,11.504,150,3.937
0.02,COMP,1,A3PP1JY915TWIQ,1,LL,7.594,150,3.3
0.07,COMP,1,A3PP1JY915TWIQ,1,LL,9.443,300,5.686
0.03,COMP,1,A3PP1JY915TWIQ,1,LL,8.559,150,4.367
0.13,COMP,1,A3PP1JY915TWIQ,0,LL,12.342,150,5.541
0.02,COMP,1,A3PP1JY915TWIQ,1,LL,10.573,150,5.609
0.17,COMP,1,A3PP1JY915TWIQ,0,LL,7.928,75,3.669
0.02,COMP,1,A3PP1JY915TWIQ,1,LL,7.073,150,3.248
0.03,COMP,1,A3PP1JY915TWIQ,1,LL,4.982,75,2.441
0.03,COMP,1,A3PP1JY915TWIQ,1,LL,4.596,75,2.476
0.07,COMP,1,A3PP1JY915TWIQ,1,LL,10.314,300,3.433
0.03,COMP,1,A3PP1JY915TWIQ,1,LL,6.581,300,5.209
0.17,COMP,1,A3PP1JY915TWIQ,0,LL,10.796,300,5.441
0.07,COMP,1,A3PP1JY915TWIQ,1,LL,10.062,150,3.934
0.08,COMP,1,A3PP1JY915TWIQ,1,LL,6.934,300,3.52
0.07,COMP,1,A3PP1JY915TWIQ,1,LL,9.266,75,3.667
0.02,COMP,1,A3PP1JY915TWIQ,1,LL,7.042,75,2.711
0.07,COMP,1,A3PP1JY915TWIQ,1,LL,7.798,300,5.276
0.12,COMP,1,A3PP1JY915TWIQ,0,LL,6.425,75,4.265
0.12,COMP,1,A3PP1JY915TWIQ,0,LL,9.231,300,2.18
0.02,COMP,1,A3PP1JY915TWIQ,1,LL,13.092,300,6.993
0.08,COMP,1,A3PP1JY915TWIQ,1,LL,8.773,75,5.091
0.18,COMP,1,A3PP1JY915TWIQ,0,LL,7.05,75,4.827
0.12,COMP,1,A3PP1JY915TWIQ,0,LL,5.359,75,3.357
0.02,COMP,1,A3PP1JY915TWIQ,1,LL,5.37,150,3.967
0.03,COMP,1,A3PP1JY915TWIQ,1,LL,4.454,75,2.568
0.07,COMP,1,ACJTRTT2SO4E0,1,WB,9.266,75,2.673
0.18,COMP,1,ACJTRTT2SO4E0,0,WB,6.51,300,3.55
0.02,COMP,1,ACJTRTT2SO4E0,1,WB,6.938,75,3.115
0.07,COMP,1,ACJTRTT2SO4E0,1,WB,11.538,75,7.868
0.12,COMP,1,ACJTRTT2SO4E0,0,WB,8.532,300,7.094
0.03,COMP,1,ACJTRTT2SO4E0,1,WB,6.482,300,2.566
0.02,COMP,1,ACJTRTT2SO4E0,1,WB,5.84,150,2.584
0.02,COMP,1,ACJTRTT2SO4E0,1,WB,6.729,150,2.536
0.02,COMP,1,ACJTRTT2SO4E0,1,WB,5.354,300,3.249
0.02,COMP,1,ACJTRTT2SO4E0,1,WB,6.907,75,4.16
0.02,COMP,1,ACJTRTT2SO4E0,1,WB,3.79,150,2.022
0.02,COMP,1,ACJTRTT2SO4E0,1,WB,7.254,300,2.56
0.13,COMP,1,ACJTRTT2SO4E0,0,WB,7.215,75,2.624
0.18,COMP,1,ACJTRTT2SO4E0,0,WB,8.466,300,3.287
0.03,COMP,1,ACJTRTT2SO4E0,1,WB,5.259,150,3.44
0.22,COMP,1,ACJTRTT2SO4E0,0,WB,4.136,300,2.677
0.18,COMP,1,ACJTRTT2SO4E0,0,WB,5.849,75,2.368
0.03,COMP,1,ACJTRTT2SO4E0,1,WB,10.617,150,2.98
0.03,COMP,1,ACJTRTT2SO4E0,1,WB,11.416,75,2.381
0.07,COMP,1,ACJTRTT2SO4E0,1,WB,9.903,150,2.631
0.03,COMP,1,ACJTRTT2SO4E0,1,WB,5.479,75,2.614
0.02,COMP,1,ACJTRTT2SO4E0,1,WB,5.6,75,2.909
0.03,COMP,1,ACJTRTT2SO4E0,1,WB,11.762,300,2.913
0.33,COMP,1,ACJTRTT2SO4E0,0,WB,3.54,150,2.274
0.07,COMP,1,ACJTRTT2SO4E0,1,WB,3.289,300,2.397
0.03,COMP,1,ACJTRTT2SO4E0,1,WB,4.651,150,3.15
0.03,COMP,1,ACJTRTT2SO4E0,1,WB,6.284,150,2.68
0.02,COMP,1,ACJTRTT2SO4E0,1,WB,4.915,150,2.19
0.07,COMP,1,ACJTRTT2SO4E0,1,WB,5.442,75,2.469
0.12,COMP,1,ACJTRTT2SO4E0,0,WB,3.412,300,2.245
0.12,COMP,0,A3TUJHF9LW3M8N,0,ZP,15.419,75,8.059
0.48,COMP,1,A3TUJHF9LW3M8N,0,ZP,12.393,300,6.463
0.32,COMP,0,A3TUJHF9LW3M8N,0,ZP,7.025,150,4.492
0.42,COMP,0,A3TUJHF9LW3M8N,0,ZP,5.033,300,3.083
0.43,COMP,1,A3TUJHF9LW3M8N,0,ZP,38.111,300,36.875
0.07,COMP,0,A3TUJHF9LW3M8N,1,ZP,4.524,150,2.189
0.43,COMP,0,A3TUJHF9LW3M8N,0,ZP,2.934,150,1.649
0.33,COMP,0,A3TUJHF9LW3M8N,0,ZP,3.55,300,2.168
0.02,COMP,0,A3TUJHF9LW3M8N,1,ZP,8.639,300,2.024
0.42,COMP,1,A3TUJHF9LW3M8N,0,ZP,6.708,150,4.415
0.68,COMP,0,A3TUJHF9LW3M8N,0,ZP,37.216,75,2.9
0.43,COMP,1,A3TUJHF9LW3M8N,0,ZP,9.619,75,5.679
0.47,COMP,1,A3TUJHF9LW3M8N,0,ZP,12.779,75,2.83
0.18,COMP,0,A3TUJHF9LW3M8N,0,ZP,4.302,150,2.632
0.08,COMP,0,A3TUJHF9LW3M8N,1,ZP,5.947,75,2.103
0.12,COMP,1,A3TUJHF9LW3M8N,0,ZP,4.198,150,2.464
0.37,COMP,1,A3TUJHF9LW3M8N,0,ZP,4.812,300,2.047
0.02,COMP,0,A3TUJHF9LW3M8N,1,ZP,4.808,300,1.988
0.13,COMP,1,A3TUJHF9LW3M8N,0,ZP,4.507,75,3.196
0.32,COMP,0,A3TUJHF9LW3M8N,0,ZP,3.435,75,2.007
0.22,COMP,1,A3TUJHF9LW3M8N,0,ZP,34.07,300,33.071
0.18,COMP,0,A3TUJHF9LW3M8N,0,ZP,6.158,75,2.139
0.32,COMP,1,A3TUJHF9LW3M8N,0,ZP,2.751,150,1.568
0.13,COMP,1,A3TUJHF9LW3M8N,0,ZP,2.568,150,2.128
0.08,COMP,0,A3TUJHF9LW3M8N,1,ZP,0.501,75,2.128
0.37,COMP,0,A3TUJHF9LW3M8N,0,ZP,3.138,300,1.786
0.17,COMP,0,A3TUJHF9LW3M8N,0,ZP,0.391,300,1.786
0.13,COMP,1,A3TUJHF9LW3M8N,0,ZP,3.828,150,2.166
0.27,COMP,1,A3TUJHF9LW3M8N,0,ZP,4.047,75,1.775
0.17,COMP,1,A3TUJHF9LW3M8N,0,ZP,2.643,150,1.757
0.02,COMP,1,AVIH7MSMSTZCW,1,PB,18.773,300,6.701
0.08,COMP,1,AVIH7MSMSTZCW,1,PB,12.971,150,4.643
0.03,COMP,1,AVIH7MSMSTZCW,1,PB,11.008,300,4.824
0.02,COMP,1,AVIH7MSMSTZCW,1,PB,8.799,75,4.247
0.02,COMP,1,AVIH7MSMSTZCW,1,PB,14.876,150,5.164
0.02,COMP,1,AVIH7MSMSTZCW,1,PB,7.482,300,2.778
0.03,COMP,1,AVIH7MSMSTZCW,1,PB,9.19,150,4.863
0.13,COMP,1,AVIH7MSMSTZCW,0,PB,9.217,75,3.592
0.03,COMP,1,AVIH7MSMSTZCW,1,PB,10.345,150,2.249
0.07,COMP,1,AVIH7MSMSTZCW,1,PB,6.868,150,2.044
0.02,COMP,1,AVIH7MSMSTZCW,1,PB,11.634,300,2.401
0.07,COMP,1,AVIH7MSMSTZCW,1,PB,4.938,150,2.354
0.02,COMP,1,AVIH7MSMSTZCW,1,PB,5.218,300,2.851
0.02,COMP,1,AVIH7MSMSTZCW,1,PB,4.646,300,2.23
0.03,COMP,1,AVIH7MSMSTZCW,1,PB,14.393,300,1.994
0.03,COMP,1,AVIH7MSMSTZCW,1,PB,7.939,150,1.987
0.07,COMP,1,AVIH7MSMSTZCW,1,PB,26.25,150,1.97
0.02,COMP,1,AVIH7MSMSTZCW,1,PB,23.038,75,2.495
0.07,COMP,1,AVIH7MSMSTZCW,1,PB,4.389,300,2.197
0.08,COMP,1,AVIH7MSMSTZCW,1,PB,6.9,300,2.853
0.02,COMP,1,AVIH7MSMSTZCW,1,PB,5.527,150,3.216
0.03,COMP,1,AVIH7MSMSTZCW,1,PB,33.048,75,5.904
0.03,COMP,1,AVIH7MSMSTZCW,1,PB,7.73,75,2.419
0.02,COMP,1,AVIH7MSMSTZCW,1,PB,6.099,75,2.06
0.28,COMP,1,AVIH7MSMSTZCW,0,PB,13.686,75,3.511
0.02,COMP,1,AVIH7MSMSTZCW,1,PB,7.572,150,2.389
0.08,COMP,1,AVIH7MSMSTZCW,1,PB,25.9,75,4.092
0.02,COMP,1,AVIH7MSMSTZCW,1,PB,5.277,75,2.717
0.03,COMP,1,AVIH7MSMSTZCW,1,PB,4.794,300,2.995
0.07,COMP,1,AVIH7MSMSTZCW,1,PB,8.219,75,1.939
0.57,COMP,1,A2QIZ31TMHU0GD,0,ZP,7.241,150,2.953
0.82,COMP,1,A2QIZ31TMHU0GD,0,ZP,12.101,75,8.787
0.23,COMP,0,A2QIZ31TMHU0GD,0,ZP,5.22,75,3.011
0.33,COMP,0,A2QIZ31TMHU0GD,0,ZP,5.276,75,3.756
0.22,COMP,0,A2QIZ31TMHU0GD,0,ZP,3.762,75,2.096
0.03,COMP,0,A2QIZ31TMHU0GD,1,ZP,5.088,150,2.464
0.67,COMP,0,A2QIZ31TMHU0GD,0,ZP,6.979,300,3.991
0.13,COMP,1,A2QIZ31TMHU0GD,0,ZP,8.115,75,3.458
0.02,COMP,1,A2QIZ31TMHU0GD,1,ZP,6.746,300,3.165
0.27,COMP,1,A2QIZ31TMHU0GD,0,ZP,5.818,300,1.929
0.12,COMP,1,A2QIZ31TMHU0GD,0,ZP,12.253,300,8.038
0.12,COMP,1,A2QIZ31TMHU0GD,0,ZP,12.268,300,8.038
0.28,COMP,1,A2QIZ31TMHU0GD,0,ZP,5.596,300,3.767
0.57,COMP,0,A2QIZ31TMHU0GD,0,ZP,4.912,150,3.32
0.57,COMP,0,A2QIZ31TMHU0GD,0,ZP,4.928,150,3.32
0.13,COMP,1,A2QIZ31TMHU0GD,0,ZP,4.21,300,2.751
0.12,COMP,1,A2QIZ31TMHU0GD,0,ZP,5.001,300,2.203
0.52,COMP,1,A2QIZ31TMHU0GD,0,ZP,3.598,300,2.26
0.42,COMP,0,A2QIZ31TMHU0GD,0,ZP,6.16,150,2.847
0.17,COMP,0,A2QIZ31TMHU0GD,0,ZP,6.908,75,3.273
0.47,COMP,1,A2QIZ31TMHU0GD,0,ZP,5.047,75,2.425
0.52,COMP,0,A2QIZ31TMHU0GD,0,ZP,5.598,75,2.991
0.47,COMP,1,A2QIZ31TMHU0GD,0,ZP,3.792,300,2.208
0.27,COMP,0,A2QIZ31TMHU0GD,0,ZP,5.084,75,2.162
0.38,COMP,0,A2QIZ31TMHU0GD,0,ZP,6.891,150,2.425
0.53,COMP,0,A2QIZ31TMHU0GD,0,ZP,3.815,300,2.303
0.03,COMP,0,A2QIZ31TMHU0GD,1,ZP,4.663,150,2.038
0.03,COMP,1,A2QIZ31TMHU0GD,1,ZP,5.397,150,3.693
0.58,COMP,1,A2QIZ31TMHU0GD,0,ZP,3.639,150,2.123
0.17,COMP,0,A2QIZ31TMHU0GD,0,ZP,5.703,150,3.691
0.03,COMP,1,A2V6W655RENYIE,1,LL,9.986,75,3.53
0.02,COMP,1,A2V6W655RENYIE,1,LL,10.409,75,6.081
0.02,COMP,1,A2V6W655RENYIE,1,LL,13.059,150,4.327
0.08,COMP,1,A2V6W655RENYIE,1,LL,8.662,75,6.263
0.03,COMP,1,A2V6W655RENYIE,1,LL,5.677,75,3.038
0.03,COMP,1,A2V6W655RENYIE,1,LL,6.81,300,5.523
0.08,COMP,1,A2V6W655RENYIE,1,LL,8.928,300,7.376
0.07,COMP,1,A2V6W655RENYIE,1,LL,8.669,150,6.174
0.18,COMP,1,A2V6W655RENYIE,0,LL,6.32,300,5.232
0.12,COMP,1,A2V6W655RENYIE,0,LL,8.791,300,7.632
0.02,COMP,1,A2V6W655RENYIE,1,LL,7.787,150,6.667
0.03,COMP,1,A2V6W655RENYIE,1,LL,7.252,300,6.261
0.02,COMP,1,A2V6W655RENYIE,1,LL,11.495,300,7.085
0.32,COMP,1,A2V6W655RENYIE,0,LL,5.961,300,4.938
0.17,COMP,1,A2V6W655RENYIE,0,LL,7.57,300,6.059
0.07,COMP,1,A2V6W655RENYIE,1,LL,5.329,75,4.266
0.12,COMP,1,A2V6W655RENYIE,0,LL,7.154,300,3.955
0.02,COMP,1,A2V6W655RENYIE,1,LL,12.763,300,6.307
0.17,COMP,1,A2V6W655RENYIE,0,LL,4.861,75,3.174
0.08,COMP,1,A2V6W655RENYIE,1,LL,6.43,75,4.599
0.02,COMP,1,A2V6W655RENYIE,1,LL,5.206,150,4.223
0.07,COMP,1,A2V6W655RENYIE,1,LL,6.647,150,4.295
0.07,COMP,1,A2V6W655RENYIE,1,LL,6.957,75,5.926
0.03,COMP,1,A2V6W655RENYIE,1,LL,6.86,75,5.493
0.07,COMP,1,A2V6W655RENYIE,1,LL,5.262,150,3.992
0.18,COMP,1,A2V6W655RENYIE,0,LL,5.903,150,4.439
0.02,COMP,1,A2V6W655RENYIE,1,LL,5.132,75,3.628
0.02,COMP,1,A2V6W655RENYIE,1,LL,5.499,150,3.602
0.02,COMP,1,A2V6W655RENYIE,1,LL,5.854,150,3.885
0.07,COMP,1,A2V6W655RENYIE,1,LL,5.876,150,4.222
