distance,task,workerId,isCorrect,chart,time,dataSize
0.22,RANK,A3PTFE5MJV5DU1,0,ZP,23.641,75
0.22,RANK,A3PTFE5MJV5DU1,0,ZP,7.816,300
0.4,RANK,A3PTFE5MJV5DU1,0,ZP,4.299,150
0.85,RANK,A3PTFE5MJV5DU1,0,ZP,2.71,300
0.11,RANK,A3PTFE5MJV5DU1,0,ZP,1.95,300
0.35,RANK,A3PTFE5MJV5DU1,0,ZP,7.595,75
0.86,RANK,A3PTFE5MJV5DU1,0,ZP,4.605,300
0.26,RANK,A3PTFE5MJV5DU1,0,ZP,4.835,300
0.29,RANK,A3PTFE5MJV5DU1,0,ZP,3.051,300
0.11,RANK,A3PTFE5MJV5DU1,0,ZP,2.174,150
0.24,RANK,A3PTFE5MJV5DU1,0,ZP,34.617,75
0.33,RANK,A3PTFE5MJV5DU1,0,ZP,9.471,300
0.17,RANK,A3PTFE5MJV5DU1,0,ZP,4.344,150
0.5,RANK,A3PTFE5MJV5DU1,0,ZP,1.66,75
0.0,RANK,A3PTFE5MJV5DU1,1,ZP,1.637,75
0.5,RANK,A3PTFE5MJV5DU1,0,ZP,4.699,75
0.51,RANK,A3PTFE5MJV5DU1,0,ZP,2.356,75
0.03,RANK,A3PTFE5MJV5DU1,1,ZP,8.848,150
0.19,RANK,A3PTFE5MJV5DU1,0,ZP,2.356,150
0.64,RANK,A3PTFE5MJV5DU1,0,ZP,3.042,300
0.33,RANK,A3PTFE5MJV5DU1,0,ZP,23.156,150
0.1,RANK,A3PTFE5MJV5DU1,0,ZP,13.154,300
0.26,RANK,A3PTFE5MJV5DU1,0,ZP,3.349,75
0.1,RANK,A3PTFE5MJV5DU1,0,ZP,1.816,150
0.64,RANK,A3PTFE5MJV5DU1,0,ZP,3.302,300
0.59,RANK,A3PTFE5MJV5DU1,0,ZP,5.069,150
0.11,RANK,A3PTFE5MJV5DU1,1,ZP,2.791,75
0.45,RANK,A3PTFE5MJV5DU1,0,ZP,4.097,150
0.12,RANK,A3PTFE5MJV5DU1,1,ZP,3.178,75
0.05,RANK,A3PTFE5MJV5DU1,1,ZP,2.637,150
0.07,RANK,A22ON3MIIG0IJA,0,KB,11.302,150
0.05,RANK,A22ON3MIIG0IJA,0,KB,2.413,300
0.05,RANK,A22ON3MIIG0IJA,1,KB,6.775,75
0.02,RANK,A22ON3MIIG0IJA,1,KB,3.377,300
0.16,RANK,A22ON3MIIG0IJA,0,KB,3.54,75
0.18,RANK,A22ON3MIIG0IJA,0,KB,2.302,75
0.03,RANK,A22ON3MIIG0IJA,0,KB,2.831,300
0.39,RANK,A22ON3MIIG0IJA,0,KB,4.246,75
0.04,RANK,A22ON3MIIG0IJA,0,KB,6.327,300
0.16,RANK,A22ON3MIIG0IJA,0,KB,2.94,300
0.03,RANK,A22ON3MIIG0IJA,1,KB,4.054,150
0.03,RANK,A22ON3MIIG0IJA,1,KB,2.591,300
0.19,RANK,A22ON3MIIG0IJA,0,KB,3.548,150
0.15,RANK,A22ON3MIIG0IJA,0,KB,2.367,75
0.05,RANK,A22ON3MIIG0IJA,1,KB,3.298,150
0.14,RANK,A22ON3MIIG0IJA,0,KB,3.314,300
0.29,RANK,A22ON3MIIG0IJA,0,KB,2.043,150
0.11,RANK,A22ON3MIIG0IJA,1,KB,2.543,75
0.03,RANK,A22ON3MIIG0IJA,1,KB,1.86,75
0.19,RANK,A22ON3MIIG0IJA,0,KB,4.264,150
0.07,RANK,A22ON3MIIG0IJA,1,KB,4.297,75
0.12,RANK,A22ON3MIIG0IJA,1,KB,2.089,75
0.31,RANK,A22ON3MIIG0IJA,0,KB,3.797,150
0.15,RANK,A22ON3MIIG0IJA,0,KB,3.174,300
0.03,RANK,A22ON3MIIG0IJA,1,KB,4.449,150
0.2,RANK,A22ON3MIIG0IJA,0,KB,3.766,300
0.1,RANK,A22ON3MIIG0IJA,0,KB,3.462,150
0.05,RANK,A22ON3MIIG0IJA,0,KB,2.943,300
0.23,RANK,A22ON3MIIG0IJA,0,KB,4.578,75
0.07,RANK,A22ON3MIIG0IJA,0,KB,2.357,150
0.05,RANK,A3N7R7P9HP2YB6,0,TM,34.821,300
0.11,RANK,A3N7R7P9HP2YB6,0,TM,2.696,150
0.05,RANK,A3N7R7P9HP2YB6,1,TM,2.208,75
0.17,RANK,A3N7R7P9HP2YB6,0,TM,2.12,300
0.13,RANK,A3N7R7P9HP2YB6,0,TM,4.495,150
0.36,RANK,A3N7R7P9HP2YB6,0,TM,6.929,300
0.03,RANK,A3N7R7P9HP2YB6,1,TM,4.353,75
0.12,RANK,A3N7R7P9HP2YB6,1,TM,2.74,75
0.22,RANK,A3N7R7P9HP2YB6,0,TM,1.967,75
0.05,RANK,A3N7R7P9HP2YB6,0,TM,2.642,300
0.16,RANK,A3N7R7P9HP2YB6,0,TM,3.224,150
0.03,RANK,A3N7R7P9HP2YB6,1,TM,4.963,150
0.05,RANK,A3N7R7P9HP2YB6,1,TM,1.567,150
0.17,RANK,A3N7R7P9HP2YB6,0,TM,6.864,150
0.18,RANK,A3N7R7P9HP2YB6,0,TM,2.696,75
0.1,RANK,A3N7R7P9HP2YB6,0,TM,4.665,300
0.03,RANK,A3N7R7P9HP2YB6,1,TM,3.546,300
0.09,RANK,A3N7R7P9HP2YB6,0,TM,1.888,150
0.26,RANK,A3N7R7P9HP2YB6,0,TM,2.319,300
0.14,RANK,A3N7R7P9HP2YB6,0,TM,3.629,300
0.15,RANK,A3N7R7P9HP2YB6,0,TM,5.372,300
0.04,RANK,A3N7R7P9HP2YB6,1,TM,4.969,75
0.11,RANK,A3N7R7P9HP2YB6,1,TM,2.823,75
0.05,RANK,A3N7R7P9HP2YB6,1,TM,2.01,150
0.13,RANK,A3N7R7P9HP2YB6,0,TM,1.905,150
0.05,RANK,A3N7R7P9HP2YB6,1,TM,4.577,75
0.43,RANK,A3N7R7P9HP2YB6,0,TM,3.036,75
0.2,RANK,A3N7R7P9HP2YB6,0,TM,4.01,75
0.02,RANK,A3N7R7P9HP2YB6,1,TM,2.976,300
0.29,RANK,A3N7R7P9HP2YB6,0,TM,5.972,150
0.34,RANK,A22UZT41I9G9NL,0,WB,11.216,150
0.51,RANK,A22UZT41I9G9NL,0,WB,7.58,300
0.38,RANK,A22UZT41I9G9NL,0,WB,5.89,150
0.85,RANK,A22UZT41I9G9NL,0,WB,10.424,300
0.11,RANK,A22UZT41I9G9NL,0,WB,4.684,150
0.26,RANK,A22UZT41I9G9NL,0,WB,6.978,300
0.45,RANK,A22UZT41I9G9NL,0,WB,4.59,75
0.0,RANK,A22UZT41I9G9NL,1,WB,4.822,75
0.04,RANK,A22UZT41I9G9NL,0,WB,3.83,300
0.04,RANK,A22UZT41I9G9NL,0,WB,4.622,300
0.11,RANK,A22UZT41I9G9NL,1,WB,3.294,75
0.26,RANK,A22UZT41I9G9NL,0,WB,3.236,150
0.11,RANK,A22UZT41I9G9NL,1,WB,2.162,75
0.04,RANK,A22UZT41I9G9NL,1,WB,2.508,75
0.08,RANK,A22UZT41I9G9NL,1,WB,2.318,75
0.26,RANK,A22UZT41I9G9NL,0,WB,1.752,75
0.11,RANK,A22UZT41I9G9NL,0,WB,3.504,150
0.86,RANK,A22UZT41I9G9NL,0,WB,1.64,300
0.1,RANK,A22UZT41I9G9NL,0,WB,1.616,150
0.28,RANK,A22UZT41I9G9NL,0,WB,3.78,75
0.36,RANK,A22UZT41I9G9NL,0,WB,2.346,75
0.03,RANK,A22UZT41I9G9NL,1,WB,5.326,150
0.19,RANK,A22UZT41I9G9NL,0,WB,2.628,75
0.5,RANK,A22UZT41I9G9NL,0,WB,2.156,300
0.15,RANK,A22UZT41I9G9NL,0,WB,4.622,300
0.05,RANK,A22UZT41I9G9NL,1,WB,1.836,150
0.11,RANK,A22UZT41I9G9NL,0,WB,1.534,150
0.05,RANK,A22UZT41I9G9NL,0,WB,2.046,300
0.46,RANK,A22UZT41I9G9NL,0,WB,1.77,150
0.0,RANK,A22UZT41I9G9NL,1,WB,1.58,300
0.01,RANK,A38LEVBZ3P5F6T,1,TM,11.8,75
0.25,RANK,A38LEVBZ3P5F6T,0,TM,10.744,300
0.1,RANK,A38LEVBZ3P5F6T,0,TM,14.78,300
0.47,RANK,A38LEVBZ3P5F6T,0,TM,8.92,75
0.12,RANK,A38LEVBZ3P5F6T,1,TM,17.816,75
0.02,RANK,A38LEVBZ3P5F6T,1,TM,7.648,300
0.03,RANK,A38LEVBZ3P5F6T,1,TM,12.022,75
0.01,RANK,A38LEVBZ3P5F6T,1,TM,13.236,300
0.03,RANK,A38LEVBZ3P5F6T,1,TM,9.81,150
0.0,RANK,A38LEVBZ3P5F6T,1,TM,10.448,150
0.04,RANK,A38LEVBZ3P5F6T,0,TM,13.024,300
0.03,RANK,A38LEVBZ3P5F6T,1,TM,6.44,150
0.03,RANK,A38LEVBZ3P5F6T,0,TM,9.3,300
0.02,RANK,A38LEVBZ3P5F6T,1,TM,4.861,150
0.06,RANK,A38LEVBZ3P5F6T,1,TM,11.593,150
0.26,RANK,A38LEVBZ3P5F6T,0,TM,7.247,300
0.12,RANK,A38LEVBZ3P5F6T,1,TM,11.946,75
0.04,RANK,A38LEVBZ3P5F6T,1,TM,10.684,75
0.03,RANK,A38LEVBZ3P5F6T,1,TM,2.42,75
0.01,RANK,A38LEVBZ3P5F6T,1,TM,7.647,150
0.32,RANK,A38LEVBZ3P5F6T,0,TM,3.129,150
0.11,RANK,A38LEVBZ3P5F6T,0,TM,9.627,150
0.21,RANK,A38LEVBZ3P5F6T,0,TM,7.876,300
0.05,RANK,A38LEVBZ3P5F6T,1,TM,12.775,75
0.02,RANK,A38LEVBZ3P5F6T,1,TM,6.572,300
0.18,RANK,A38LEVBZ3P5F6T,0,TM,3.141,75
0.03,RANK,A38LEVBZ3P5F6T,1,TM,9.837,75
0.49,RANK,A38LEVBZ3P5F6T,0,TM,5.536,150
0.04,RANK,A38LEVBZ3P5F6T,0,TM,11.374,300
0.03,RANK,A38LEVBZ3P5F6T,1,TM,11.117,150
0.35,RANK,A3E2ES5KH0RKBZ,0,LL,8.548,75
0.01,RANK,A3E2ES5KH0RKBZ,1,LL,7.376,150
0.06,RANK,A3E2ES5KH0RKBZ,0,LL,22.701,300
0.02,RANK,A3E2ES5KH0RKBZ,1,LL,7.014,150
0.04,RANK,A3E2ES5KH0RKBZ,1,LL,8.98,75
0.02,RANK,A3E2ES5KH0RKBZ,1,LL,9.467,300
0.02,RANK,A3E2ES5KH0RKBZ,1,LL,10.875,300
0.01,RANK,A3E2ES5KH0RKBZ,1,LL,9.105,75
0.3,RANK,A3E2ES5KH0RKBZ,0,LL,13.16,75
0.05,RANK,A3E2ES5KH0RKBZ,1,LL,10.109,75
0.03,RANK,A3E2ES5KH0RKBZ,1,LL,8.817,150
0.03,RANK,A3E2ES5KH0RKBZ,1,LL,12.855,150
0.12,RANK,A3E2ES5KH0RKBZ,0,LL,14.043,300
0.11,RANK,A3E2ES5KH0RKBZ,0,LL,6.889,150
0.13,RANK,A3E2ES5KH0RKBZ,0,LL,11.857,150
0.03,RANK,A3E2ES5KH0RKBZ,1,LL,12.688,75
0.09,RANK,A3E2ES5KH0RKBZ,0,LL,10.759,300
0.03,RANK,A3E2ES5KH0RKBZ,0,LL,11.776,300
0.04,RANK,A3E2ES5KH0RKBZ,1,LL,8.779,75
0.01,RANK,A3E2ES5KH0RKBZ,1,LL,12.335,300
0.09,RANK,A3E2ES5KH0RKBZ,0,LL,10.288,300
0.24,RANK,A3E2ES5KH0RKBZ,0,LL,10.55,300
0.07,RANK,A3E2ES5KH0RKBZ,0,LL,13.294,150
0.15,RANK,A3E2ES5KH0RKBZ,0,LL,9.893,150
0.16,RANK,A3E2ES5KH0RKBZ,0,LL,14.063,75
0.07,RANK,A3E2ES5KH0RKBZ,1,LL,10.422,75
0.08,RANK,A3E2ES5KH0RKBZ,1,LL,10.107,75
0.05,RANK,A3E2ES5KH0RKBZ,1,LL,17.278,150
0.16,RANK,A3E2ES5KH0RKBZ,0,LL,8.816,300
0.1,RANK,A3E2ES5KH0RKBZ,0,LL,12.652,150
0.0,RANK,A4J4GGMKJ68L0,1,WB,38.819,150
0.7,RANK,A4J4GGMKJ68L0,0,WB,45.787,300
0.03,RANK,A4J4GGMKJ68L0,1,WB,6.372,75
0.03,RANK,A4J4GGMKJ68L0,1,WB,6.03,150
0.04,RANK,A4J4GGMKJ68L0,1,WB,6.414,75
0.09,RANK,A4J4GGMKJ68L0,0,WB,6.936,150
0.17,RANK,A4J4GGMKJ68L0,0,WB,4.851,300
0.01,RANK,A4J4GGMKJ68L0,1,WB,2.654,150
0.02,RANK,A4J4GGMKJ68L0,1,WB,3.17,300
0.03,RANK,A4J4GGMKJ68L0,1,WB,2.205,75
0.19,RANK,A4J4GGMKJ68L0,0,WB,5.351,150
0.1,RANK,A4J4GGMKJ68L0,0,WB,1.953,150
0.08,RANK,A4J4GGMKJ68L0,1,WB,4.662,75
0.03,RANK,A4J4GGMKJ68L0,1,WB,9.125,150
0.01,RANK,A4J4GGMKJ68L0,1,WB,7.138,75
0.01,RANK,A4J4GGMKJ68L0,1,WB,3.008,300
0.11,RANK,A4J4GGMKJ68L0,0,WB,10.84,150
0.02,RANK,A4J4GGMKJ68L0,1,WB,1.539,150
0.03,RANK,A4J4GGMKJ68L0,1,WB,3.254,300
0.05,RANK,A4J4GGMKJ68L0,1,WB,4.233,75
0.18,RANK,A4J4GGMKJ68L0,0,WB,3.551,75
0.03,RANK,A4J4GGMKJ68L0,1,WB,2.436,300
0.06,RANK,A4J4GGMKJ68L0,0,WB,3.958,300
0.09,RANK,A4J4GGMKJ68L0,0,WB,1.121,300
0.03,RANK,A4J4GGMKJ68L0,1,WB,9.231,75
0.0,RANK,A4J4GGMKJ68L0,1,WB,1.291,75
0.14,RANK,A4J4GGMKJ68L0,0,WB,2.919,300
0.12,RANK,A4J4GGMKJ68L0,0,WB,1.565,300
0.14,RANK,A4J4GGMKJ68L0,0,WB,3.122,150
0.01,RANK,A4J4GGMKJ68L0,1,WB,2.621,75
0.11,RANK,AVJRDW4LPT7QF,0,KB,19.423,300
0.18,RANK,AVJRDW4LPT7QF,0,KB,7.245,75
0.12,RANK,AVJRDW4LPT7QF,0,KB,8.928,150
0.1,RANK,AVJRDW4LPT7QF,0,KB,5.441,300
0.03,RANK,AVJRDW4LPT7QF,1,KB,3.472,75
0.24,RANK,AVJRDW4LPT7QF,0,KB,5.142,150
0.07,RANK,AVJRDW4LPT7QF,0,KB,5.163,150
0.03,RANK,AVJRDW4LPT7QF,1,KB,3.559,150
0.2,RANK,AVJRDW4LPT7QF,0,KB,7.644,300
0.1,RANK,AVJRDW4LPT7QF,0,KB,6.907,300
0.05,RANK,AVJRDW4LPT7QF,1,KB,4.581,150
0.34,RANK,AVJRDW4LPT7QF,0,KB,7.403,75
0.03,RANK,AVJRDW4LPT7QF,1,KB,6.888,150
0.01,RANK,AVJRDW4LPT7QF,1,KB,3.638,75
0.01,RANK,AVJRDW4LPT7QF,1,KB,4.088,300
0.0,RANK,AVJRDW4LPT7QF,1,KB,4.566,150
0.15,RANK,AVJRDW4LPT7QF,0,KB,6.211,75
0.32,RANK,AVJRDW4LPT7QF,0,KB,6.518,75
0.24,RANK,AVJRDW4LPT7QF,0,KB,4.749,75
0.29,RANK,AVJRDW4LPT7QF,0,KB,5.015,300
0.08,RANK,AVJRDW4LPT7QF,1,KB,10.064,75
0.25,RANK,AVJRDW4LPT7QF,0,KB,3.674,150
0.23,RANK,AVJRDW4LPT7QF,0,KB,3.274,75
0.05,RANK,AVJRDW4LPT7QF,0,KB,5.519,300
0.15,RANK,AVJRDW4LPT7QF,0,KB,5.193,150
0.3,RANK,AVJRDW4LPT7QF,0,KB,4.579,75
0.16,RANK,AVJRDW4LPT7QF,0,KB,3.619,150
0.14,RANK,AVJRDW4LPT7QF,0,KB,4.02,300
0.05,RANK,AVJRDW4LPT7QF,0,KB,5.486,300
0.03,RANK,AVJRDW4LPT7QF,0,KB,5.571,300
0.05,RANK,A1TM0YUPC90UFZ,1,LL,3.196,150
0.01,RANK,A1TM0YUPC90UFZ,1,LL,1.792,75
0.19,RANK,A1TM0YUPC90UFZ,0,LL,2.508,75
0.05,RANK,A1TM0YUPC90UFZ,1,LL,3.404,150
0.3,RANK,A1TM0YUPC90UFZ,0,LL,4.978,300
0.03,RANK,A1TM0YUPC90UFZ,1,LL,3.16,150
0.12,RANK,A1TM0YUPC90UFZ,0,LL,2.71,150
0.07,RANK,A1TM0YUPC90UFZ,1,LL,2.226,75
0.12,RANK,A1TM0YUPC90UFZ,1,LL,1.62,75
0.09,RANK,A1TM0YUPC90UFZ,1,LL,2.818,75
0.09,RANK,A1TM0YUPC90UFZ,1,LL,2.686,75
0.24,RANK,A1TM0YUPC90UFZ,0,LL,2.054,300
0.03,RANK,A1TM0YUPC90UFZ,0,LL,5.424,300
0.12,RANK,A1TM0YUPC90UFZ,0,LL,3.214,300
0.15,RANK,A1TM0YUPC90UFZ,0,LL,2.874,300
0.23,RANK,A1TM0YUPC90UFZ,0,LL,2.918,150
0.36,RANK,A1TM0YUPC90UFZ,0,LL,6.532,300
0.0,RANK,A1TM0YUPC90UFZ,1,LL,2.892,300
0.19,RANK,A1TM0YUPC90UFZ,0,LL,1.494,300
0.72,RANK,A1TM0YUPC90UFZ,0,LL,4.904,300
0.07,RANK,A1TM0YUPC90UFZ,0,LL,2.35,150
0.01,RANK,A1TM0YUPC90UFZ,1,LL,2.296,75
0.36,RANK,A1TM0YUPC90UFZ,0,LL,2.778,75
0.15,RANK,A1TM0YUPC90UFZ,0,LL,2.472,300
0.04,RANK,A1TM0YUPC90UFZ,1,LL,2.816,150
0.17,RANK,A1TM0YUPC90UFZ,0,LL,1.962,150
0.09,RANK,A1TM0YUPC90UFZ,1,LL,6.452,75
0.05,RANK,A1TM0YUPC90UFZ,1,LL,1.67,150
0.0,RANK,A1TM0YUPC90UFZ,1,LL,2.54,150
0.11,RANK,A1TM0YUPC90UFZ,1,LL,1.552,75
0.32,RANK,A2LJU9I5WC9E54,0,PB,8.509,150
0.57,RANK,A2LJU9I5WC9E54,0,PB,13.102,75
0.42,RANK,A2LJU9I5WC9E54,0,PB,5.564,75
0.35,RANK,A2LJU9I5WC9E54,0,PB,9.08,75
0.0,RANK,A2LJU9I5WC9E54,1,PB,0.373,300
0.03,RANK,A2LJU9I5WC9E54,1,PB,7.384,150
0.1,RANK,A2LJU9I5WC9E54,0,PB,14.298,150
0.85,RANK,A2LJU9I5WC9E54,0,PB,5.962,300
0.1,RANK,A2LJU9I5WC9E54,0,PB,4.098,150
0.18,RANK,A2LJU9I5WC9E54,0,PB,6.473,75
0.38,RANK,A2LJU9I5WC9E54,0,PB,7.42,150
0.01,RANK,A2LJU9I5WC9E54,1,PB,5.799,75
0.4,RANK,A2LJU9I5WC9E54,0,PB,3.656,150
0.71,RANK,A2LJU9I5WC9E54,0,PB,8.24,300
0.2,RANK,A2LJU9I5WC9E54,0,PB,9.788,75
0.36,RANK,A2LJU9I5WC9E54,0,PB,2.818,75
0.26,RANK,A2LJU9I5WC9E54,0,PB,4.739,75
0.45,RANK,A2LJU9I5WC9E54,0,PB,14.858,75
0.86,RANK,A2LJU9I5WC9E54,0,PB,5.297,300
0.15,RANK,A2LJU9I5WC9E54,0,PB,4.357,300
0.64,RANK,A2LJU9I5WC9E54,0,PB,9.763,300
0.1,RANK,A2LJU9I5WC9E54,0,PB,3.202,300
0.11,RANK,A2LJU9I5WC9E54,0,PB,3.017,150
0.32,RANK,A2LJU9I5WC9E54,0,PB,17.503,75
0.33,RANK,A2LJU9I5WC9E54,0,PB,2.916,150
0.05,RANK,A2LJU9I5WC9E54,1,PB,4.427,150
0.39,RANK,A2LJU9I5WC9E54,0,PB,4.82,150
0.11,RANK,A2LJU9I5WC9E54,0,PB,3.233,300
0.13,RANK,A2LJU9I5WC9E54,0,PB,9.232,300
0.08,RANK,A2LJU9I5WC9E54,0,PB,5.516,300
0.57,RANK,A1X1IRFYQZ40LD,0,KB,8.77,75
0.2,RANK,A1X1IRFYQZ40LD,0,KB,18.97,300
0.03,RANK,A1X1IRFYQZ40LD,1,KB,14.396,150
0.11,RANK,A1X1IRFYQZ40LD,0,KB,9.115,150
0.46,RANK,A1X1IRFYQZ40LD,0,KB,4.518,75
0.05,RANK,A1X1IRFYQZ40LD,1,KB,6.376,150
0.04,RANK,A1X1IRFYQZ40LD,1,KB,5.231,75
0.27,RANK,A1X1IRFYQZ40LD,0,KB,4.755,150
0.1,RANK,A1X1IRFYQZ40LD,0,KB,10.62,300
0.12,RANK,A1X1IRFYQZ40LD,0,KB,11.212,300
0.17,RANK,A1X1IRFYQZ40LD,0,KB,4.203,300
0.03,RANK,A1X1IRFYQZ40LD,1,KB,7.373,150
0.04,RANK,A1X1IRFYQZ40LD,1,KB,3.893,75
0.11,RANK,A1X1IRFYQZ40LD,0,KB,7.031,300
0.26,RANK,A1X1IRFYQZ40LD,0,KB,7.494,150
0.23,RANK,A1X1IRFYQZ40LD,0,KB,14.153,300
0.11,RANK,A1X1IRFYQZ40LD,1,KB,4.637,75
0.22,RANK,A1X1IRFYQZ40LD,0,KB,9.222,150
0.08,RANK,A1X1IRFYQZ40LD,1,KB,6.283,75
0.07,RANK,A1X1IRFYQZ40LD,0,KB,9.075,300
0.07,RANK,A1X1IRFYQZ40LD,1,KB,11.571,75
0.01,RANK,A1X1IRFYQZ40LD,1,KB,3.036,300
0.22,RANK,A1X1IRFYQZ40LD,0,KB,11.138,75
0.06,RANK,A1X1IRFYQZ40LD,1,KB,14.48,150
0.12,RANK,A1X1IRFYQZ40LD,0,KB,9.285,300
0.5,RANK,A1X1IRFYQZ40LD,0,KB,3.195,300
0.04,RANK,A1X1IRFYQZ40LD,1,KB,8.323,150
0.18,RANK,A1X1IRFYQZ40LD,0,KB,4.459,75
0.02,RANK,A1X1IRFYQZ40LD,1,KB,7.853,150
0.22,RANK,A1X1IRFYQZ40LD,0,KB,4.012,75
0.05,RANK,A183WYXN12P2TJ,1,TM,4.368,75
0.16,RANK,A183WYXN12P2TJ,0,TM,1.782,75
0.12,RANK,A183WYXN12P2TJ,1,TM,3.814,75
0.0,RANK,A183WYXN12P2TJ,1,TM,4.768,150
0.01,RANK,A183WYXN12P2TJ,1,TM,3.296,75
0.09,RANK,A183WYXN12P2TJ,0,TM,8.688,150
0.02,RANK,A183WYXN12P2TJ,1,TM,1.378,150
0.2,RANK,A183WYXN12P2TJ,0,TM,1.612,75
0.21,RANK,A183WYXN12P2TJ,0,TM,6.49,300
0.29,RANK,A183WYXN12P2TJ,0,TM,1.616,150
0.22,RANK,A183WYXN12P2TJ,0,TM,2.34,300
0.19,RANK,A183WYXN12P2TJ,0,TM,3.02,150
0.16,RANK,A183WYXN12P2TJ,0,TM,1.782,300
0.04,RANK,A183WYXN12P2TJ,1,TM,1.722,75
0.16,RANK,A183WYXN12P2TJ,0,TM,1.968,75
0.13,RANK,A183WYXN12P2TJ,0,TM,1.802,300
0.09,RANK,A183WYXN12P2TJ,0,TM,2.576,300
0.11,RANK,A183WYXN12P2TJ,1,TM,4.422,75
0.19,RANK,A183WYXN12P2TJ,0,TM,6.194,150
0.02,RANK,A183WYXN12P2TJ,1,TM,1.98,300
0.1,RANK,A183WYXN12P2TJ,0,TM,9.166,300
0.05,RANK,A183WYXN12P2TJ,1,TM,4.136,75
0.05,RANK,A183WYXN12P2TJ,0,TM,2.64,300
0.03,RANK,A183WYXN12P2TJ,0,TM,1.562,300
0.05,RANK,A183WYXN12P2TJ,0,TM,3.618,300
0.04,RANK,A183WYXN12P2TJ,1,TM,2.208,75
0.11,RANK,A183WYXN12P2TJ,0,TM,1.498,150
0.07,RANK,A183WYXN12P2TJ,0,TM,2.276,150
0.03,RANK,A183WYXN12P2TJ,1,TM,4.078,150
0.03,RANK,A2B5Y658XECK2Y,0,TM,16.803,300
0.03,RANK,A2B5Y658XECK2Y,1,TM,5.553,150
0.12,RANK,A2B5Y658XECK2Y,0,TM,2.954,150
0.04,RANK,A2B5Y658XECK2Y,0,TM,6.818,300
0.07,RANK,A2B5Y658XECK2Y,1,TM,5.642,75
0.05,RANK,A2B5Y658XECK2Y,0,TM,7.152,300
0.1,RANK,A2B5Y658XECK2Y,0,TM,3.015,150
0.03,RANK,A2B5Y658XECK2Y,1,TM,5.369,75
0.02,RANK,A2B5Y658XECK2Y,1,TM,4.098,150
0.08,RANK,A2B5Y658XECK2Y,1,TM,5.196,75
0.1,RANK,A2B5Y658XECK2Y,0,TM,11.011,300
0.03,RANK,A2B5Y658XECK2Y,1,TM,5.751,75
0.05,RANK,A2B5Y658XECK2Y,1,TM,2.556,75
0.11,RANK,A2B5Y658XECK2Y,0,TM,1.939,150
0.05,RANK,A2B5Y658XECK2Y,0,TM,2.841,300
0.22,RANK,A2B5Y658XECK2Y,0,TM,5.713,150
0.16,RANK,A2B5Y658XECK2Y,0,TM,3.9,300
0.19,RANK,A2B5Y658XECK2Y,0,TM,5.201,75
0.04,RANK,A2B5Y658XECK2Y,1,TM,4.833,150
0.04,RANK,A2B5Y658XECK2Y,1,TM,1.82,75
0.06,RANK,A2B5Y658XECK2Y,0,TM,4.185,300
0.05,RANK,A2B5Y658XECK2Y,1,TM,3.827,150
0.02,RANK,A2B5Y658XECK2Y,1,TM,3.376,300
0.3,RANK,A2B5Y658XECK2Y,0,TM,2.675,75
0.01,RANK,A2B5Y658XECK2Y,1,TM,6.273,150
0.11,RANK,A2B5Y658XECK2Y,1,TM,2.191,75
0.22,RANK,A2B5Y658XECK2Y,0,TM,3.752,300
0.21,RANK,A2B5Y658XECK2Y,0,TM,2.821,300
0.05,RANK,A2B5Y658XECK2Y,1,TM,2.549,75
0.07,RANK,A2B5Y658XECK2Y,0,TM,3.124,150
0.22,RANK,A2JP9IKRHNLRPI,0,PB,3.375,300
0.86,RANK,A2JP9IKRHNLRPI,0,PB,4.11,300
0.09,RANK,A2JP9IKRHNLRPI,0,PB,2.229,300
0.36,RANK,A2JP9IKRHNLRPI,0,PB,3.196,75
0.5,RANK,A2JP9IKRHNLRPI,0,PB,3.256,300
0.03,RANK,A2JP9IKRHNLRPI,1,PB,1.992,150
0.51,RANK,A2JP9IKRHNLRPI,0,PB,2.88,75
0.26,RANK,A2JP9IKRHNLRPI,0,PB,1.497,150
0.19,RANK,A2JP9IKRHNLRPI,0,PB,1.737,300
0.29,RANK,A2JP9IKRHNLRPI,0,PB,1.326,300
0.16,RANK,A2JP9IKRHNLRPI,0,PB,2.025,75
0.11,RANK,A2JP9IKRHNLRPI,0,PB,3.781,150
0.19,RANK,A2JP9IKRHNLRPI,0,PB,1.9,150
0.02,RANK,A2JP9IKRHNLRPI,1,PB,2.723,150
0.19,RANK,A2JP9IKRHNLRPI,0,PB,1.89,150
0.01,RANK,A2JP9IKRHNLRPI,1,PB,3.201,75
0.11,RANK,A2JP9IKRHNLRPI,0,PB,1.729,150
0.37,RANK,A2JP9IKRHNLRPI,0,PB,1.985,300
0.12,RANK,A2JP9IKRHNLRPI,1,PB,1.375,75
0.85,RANK,A2JP9IKRHNLRPI,0,PB,2.443,300
0.18,RANK,A2JP9IKRHNLRPI,0,PB,3.064,75
0.11,RANK,A2JP9IKRHNLRPI,0,PB,2.587,150
0.2,RANK,A2JP9IKRHNLRPI,0,PB,1.379,300
0.26,RANK,A2JP9IKRHNLRPI,0,PB,1.715,75
0.2,RANK,A2JP9IKRHNLRPI,0,PB,1.179,150
0.04,RANK,A2JP9IKRHNLRPI,1,PB,1.83,75
0.28,RANK,A2JP9IKRHNLRPI,0,PB,1.305,75
0.03,RANK,A2JP9IKRHNLRPI,1,PB,1.482,300
0.23,RANK,A2JP9IKRHNLRPI,0,PB,1.817,150
0.0,RANK,A2JP9IKRHNLRPI,1,PB,1.118,75
0.51,RANK,AQVXVMX61864S,0,LL,3.13,75
0.43,RANK,AQVXVMX61864S,0,LL,2.774,75
0.36,RANK,AQVXVMX61864S,0,LL,4.367,300
0.37,RANK,AQVXVMX61864S,0,LL,4.059,300
0.33,RANK,AQVXVMX61864S,0,LL,3.348,300
0.21,RANK,AQVXVMX61864S,0,LL,8.186,150
0.04,RANK,AQVXVMX61864S,0,LL,4.411,300
0.08,RANK,AQVXVMX61864S,1,LL,2.605,75
0.03,RANK,AQVXVMX61864S,0,LL,5.103,300
0.05,RANK,AQVXVMX61864S,1,LL,2.525,75
0.04,RANK,AQVXVMX61864S,1,LL,2.572,75
0.13,RANK,AQVXVMX61864S,0,LL,2.079,150
0.1,RANK,AQVXVMX61864S,0,LL,1.628,150
0.38,RANK,AQVXVMX61864S,0,LL,3.094,150
0.27,RANK,AQVXVMX61864S,0,LL,2.687,300
0.09,RANK,AQVXVMX61864S,0,LL,3.668,150
0.19,RANK,AQVXVMX61864S,0,LL,3.411,150
0.0,RANK,AQVXVMX61864S,1,LL,1.983,75
0.17,RANK,AQVXVMX61864S,0,LL,0.965,150
0.22,RANK,AQVXVMX61864S,0,LL,0.787,150
0.09,RANK,AQVXVMX61864S,0,LL,3.295,300
0.05,RANK,AQVXVMX61864S,1,LL,2.318,150
0.32,RANK,AQVXVMX61864S,0,LL,0.445,150
0.15,RANK,AQVXVMX61864S,0,LL,0.694,300
0.52,RANK,AQVXVMX61864S,0,LL,0.228,300
0.66,RANK,AQVXVMX61864S,0,LL,0.357,300
0.16,RANK,AQVXVMX61864S,0,LL,2.079,75
0.12,RANK,AQVXVMX61864S,1,LL,1.141,75
0.11,RANK,AQVXVMX61864S,1,LL,2.272,75
0.22,RANK,AQVXVMX61864S,0,LL,2.404,75
0.1,RANK,A2H8HVANGF4A58,0,TM,11.809,150
0.04,RANK,A2H8HVANGF4A58,1,TM,4.068,75
0.05,RANK,A2H8HVANGF4A58,1,TM,4.048,75
0.11,RANK,A2H8HVANGF4A58,0,TM,5.467,150
0.26,RANK,A2H8HVANGF4A58,0,TM,1.924,150
0.03,RANK,A2H8HVANGF4A58,1,TM,5.022,150
0.05,RANK,A2H8HVANGF4A58,0,TM,2.76,300
0.08,RANK,A2H8HVANGF4A58,1,TM,3.964,75
0.36,RANK,A2H8HVANGF4A58,0,TM,6.196,150
0.3,RANK,A2H8HVANGF4A58,0,TM,2.144,75
0.26,RANK,A2H8HVANGF4A58,0,TM,2.545,150
0.17,RANK,A2H8HVANGF4A58,0,TM,3.719,300
0.01,RANK,A2H8HVANGF4A58,1,TM,3.4,75
0.16,RANK,A2H8HVANGF4A58,0,TM,1.878,150
0.05,RANK,A2H8HVANGF4A58,0,TM,5.104,300
0.08,RANK,A2H8HVANGF4A58,1,TM,3.597,75
0.0,RANK,A2H8HVANGF4A58,1,TM,2.196,150
0.34,RANK,A2H8HVANGF4A58,0,TM,4.098,75
0.23,RANK,A2H8HVANGF4A58,0,TM,9.42,300
0.11,RANK,A2H8HVANGF4A58,1,TM,2.189,75
0.23,RANK,A2H8HVANGF4A58,0,TM,2.555,300
0.02,RANK,A2H8HVANGF4A58,1,TM,2.524,300
0.04,RANK,A2H8HVANGF4A58,1,TM,1.357,150
0.13,RANK,A2H8HVANGF4A58,0,TM,5.53,300
0.05,RANK,A2H8HVANGF4A58,1,TM,2.014,150
0.11,RANK,A2H8HVANGF4A58,1,TM,1.819,75
0.03,RANK,A2H8HVANGF4A58,1,TM,4.554,75
0.16,RANK,A2H8HVANGF4A58,0,TM,2.005,300
0.07,RANK,A2H8HVANGF4A58,0,TM,3.119,300
0.02,RANK,A2H8HVANGF4A58,1,TM,2.139,300
0.15,RANK,A3SDRNVZJ5CDM7,0,WB,8.605,300
0.12,RANK,A3SDRNVZJ5CDM7,0,WB,5.2,300
0.01,RANK,A3SDRNVZJ5CDM7,1,WB,4.039,75
0.03,RANK,A3SDRNVZJ5CDM7,1,WB,7.825,75
0.09,RANK,A3SDRNVZJ5CDM7,0,WB,10.153,150
0.0,RANK,A3SDRNVZJ5CDM7,1,WB,5.809,75
0.1,RANK,A3SDRNVZJ5CDM7,0,WB,12.699,300
0.04,RANK,A3SDRNVZJ5CDM7,1,WB,8.581,75
0.05,RANK,A3SDRNVZJ5CDM7,1,WB,13.591,150
0.03,RANK,A3SDRNVZJ5CDM7,0,WB,19.341,300
0.0,RANK,A3SDRNVZJ5CDM7,1,WB,10.027,150
0.05,RANK,A3SDRNVZJ5CDM7,0,WB,8.121,300
0.03,RANK,A3SDRNVZJ5CDM7,1,WB,14.061,150
0.03,RANK,A3SDRNVZJ5CDM7,1,WB,5.0,75
0.01,RANK,A3SDRNVZJ5CDM7,1,WB,10.48,300
0.01,RANK,A3SDRNVZJ5CDM7,1,WB,9.832,150
0.04,RANK,A3SDRNVZJ5CDM7,0,WB,7.659,300
0.01,RANK,A3SDRNVZJ5CDM7,1,WB,10.695,75
0.01,RANK,A3SDRNVZJ5CDM7,1,WB,7.69,150
0.04,RANK,A3SDRNVZJ5CDM7,1,WB,2.855,75
0.03,RANK,A3SDRNVZJ5CDM7,1,WB,6.781,150
0.03,RANK,A3SDRNVZJ5CDM7,1,WB,10.333,300
0.02,RANK,A3SDRNVZJ5CDM7,1,WB,4.667,150
0.02,RANK,A3SDRNVZJ5CDM7,1,WB,12.731,300
0.01,RANK,A3SDRNVZJ5CDM7,1,WB,6.176,75
0.01,RANK,A3SDRNVZJ5CDM7,1,WB,7.335,150
0.03,RANK,A3SDRNVZJ5CDM7,1,WB,3.522,75
0.05,RANK,A3SDRNVZJ5CDM7,1,WB,2.49,75
0.03,RANK,A3SDRNVZJ5CDM7,1,WB,8.627,150
0.0,RANK,A3SDRNVZJ5CDM7,1,WB,6.813,300
0.79,RANK,A62H1UZADLF7Q,0,KB,6.609,300
0.03,RANK,A62H1UZADLF7Q,0,KB,2.997,300
0.11,RANK,A62H1UZADLF7Q,0,KB,2.527,150
0.15,RANK,A62H1UZADLF7Q,0,KB,4.443,75
0.04,RANK,A62H1UZADLF7Q,0,KB,2.642,300
0.19,RANK,A62H1UZADLF7Q,0,KB,3.784,150
0.35,RANK,A62H1UZADLF7Q,0,KB,3.475,75
0.22,RANK,A62H1UZADLF7Q,0,KB,3.286,75
0.64,RANK,A62H1UZADLF7Q,0,KB,2.834,300
0.65,RANK,A62H1UZADLF7Q,0,KB,2.832,150
0.64,RANK,A62H1UZADLF7Q,0,KB,3.036,150
0.35,RANK,A62H1UZADLF7Q,0,KB,3.44,300
0.36,RANK,A62H1UZADLF7Q,0,KB,4.279,75
0.18,RANK,A62H1UZADLF7Q,0,KB,3.741,75
0.57,RANK,A62H1UZADLF7Q,0,KB,1.723,75
0.19,RANK,A62H1UZADLF7Q,0,KB,7.509,300
0.27,RANK,A62H1UZADLF7Q,0,KB,7.544,75
0.7,RANK,A62H1UZADLF7Q,0,KB,2.189,150
0.26,RANK,A62H1UZADLF7Q,0,KB,2.085,75
0.42,RANK,A62H1UZADLF7Q,0,KB,2.253,150
0.19,RANK,A62H1UZADLF7Q,0,KB,2.885,150
0.63,RANK,A62H1UZADLF7Q,0,KB,2.129,300
0.34,RANK,A62H1UZADLF7Q,0,KB,2.474,300
0.13,RANK,A62H1UZADLF7Q,0,KB,2.98,150
0.16,RANK,A62H1UZADLF7Q,0,KB,1.961,150
0.04,RANK,A62H1UZADLF7Q,1,KB,1.731,75
0.13,RANK,A62H1UZADLF7Q,0,KB,1.832,300
0.04,RANK,A62H1UZADLF7Q,1,KB,2.071,75
0.4,RANK,A62H1UZADLF7Q,0,KB,2.391,150
0.09,RANK,A62H1UZADLF7Q,0,KB,1.925,300
0.78,RANK,A1DALT8GZXCPSC,0,PB,3.776,75
0.63,RANK,A1DALT8GZXCPSC,0,PB,12.852,300
0.64,RANK,A1DALT8GZXCPSC,0,PB,7.36,150
0.15,RANK,A1DALT8GZXCPSC,0,PB,7.178,300
0.79,RANK,A1DALT8GZXCPSC,0,PB,6.778,300
0.64,RANK,A1DALT8GZXCPSC,0,PB,9.884,75
0.04,RANK,A1DALT8GZXCPSC,1,PB,11.6,150
0.01,RANK,A1DALT8GZXCPSC,1,PB,9.016,300
0.01,RANK,A1DALT8GZXCPSC,1,PB,4.648,150
0.08,RANK,A1DALT8GZXCPSC,1,PB,4.944,75
0.07,RANK,A1DALT8GZXCPSC,1,PB,4.618,75
0.01,RANK,A1DALT8GZXCPSC,1,PB,5.3,150
0.01,RANK,A1DALT8GZXCPSC,1,PB,4.132,75
0.16,RANK,A1DALT8GZXCPSC,0,PB,3.01,75
0.02,RANK,A1DALT8GZXCPSC,1,PB,7.352,300
0.11,RANK,A1DALT8GZXCPSC,1,PB,7.206,75
0.04,RANK,A1DALT8GZXCPSC,0,PB,5.782,300
0.13,RANK,A1DALT8GZXCPSC,0,PB,3.424,150
0.1,RANK,A1DALT8GZXCPSC,0,PB,5.644,300
0.02,RANK,A1DALT8GZXCPSC,1,PB,6.152,300
0.09,RANK,A1DALT8GZXCPSC,0,PB,3.176,150
0.02,RANK,A1DALT8GZXCPSC,1,PB,4.364,150
0.06,RANK,A1DALT8GZXCPSC,0,PB,4.668,300
0.03,RANK,A1DALT8GZXCPSC,1,PB,4.426,150
0.05,RANK,A1DALT8GZXCPSC,1,PB,7.064,150
0.1,RANK,A1DALT8GZXCPSC,0,PB,4.988,300
0.04,RANK,A1DALT8GZXCPSC,1,PB,4.096,75
0.05,RANK,A1DALT8GZXCPSC,1,PB,3.244,75
0.03,RANK,A1DALT8GZXCPSC,1,PB,9.218,150
0.01,RANK,A1DALT8GZXCPSC,1,PB,4.502,75
0.02,RANK,A187VXD4ETY6M2,1,WB,8.546,300
0.04,RANK,A187VXD4ETY6M2,0,WB,13.081,300
0.09,RANK,A187VXD4ETY6M2,0,WB,7.495,300
0.36,RANK,A187VXD4ETY6M2,0,WB,5.398,75
0.08,RANK,A187VXD4ETY6M2,1,WB,7.537,75
0.03,RANK,A187VXD4ETY6M2,1,WB,4.919,75
0.3,RANK,A187VXD4ETY6M2,0,WB,9.187,300
0.2,RANK,A187VXD4ETY6M2,0,WB,4.247,300
0.03,RANK,A187VXD4ETY6M2,1,WB,9.429,150
0.03,RANK,A187VXD4ETY6M2,1,WB,6.188,150
0.07,RANK,A187VXD4ETY6M2,0,WB,5.249,150
0.05,RANK,A187VXD4ETY6M2,1,WB,2.967,150
0.03,RANK,A187VXD4ETY6M2,0,WB,3.328,300
0.15,RANK,A187VXD4ETY6M2,0,WB,6.158,150
0.23,RANK,A187VXD4ETY6M2,0,WB,11.169,150
0.03,RANK,A187VXD4ETY6M2,1,WB,8.21,300
0.05,RANK,A187VXD4ETY6M2,1,WB,4.556,75
0.12,RANK,A187VXD4ETY6M2,0,WB,2.451,300
0.01,RANK,A187VXD4ETY6M2,1,WB,4.184,75
0.05,RANK,A187VXD4ETY6M2,1,WB,3.454,150
0.09,RANK,A187VXD4ETY6M2,1,WB,4.748,75
0.01,RANK,A187VXD4ETY6M2,1,WB,5.101,300
0.03,RANK,A187VXD4ETY6M2,1,WB,6.686,75
0.17,RANK,A187VXD4ETY6M2,0,WB,8.099,150
0.04,RANK,A187VXD4ETY6M2,1,WB,3.202,75
0.15,RANK,A187VXD4ETY6M2,0,WB,7.177,75
0.14,RANK,A187VXD4ETY6M2,0,WB,4.754,75
0.01,RANK,A187VXD4ETY6M2,1,WB,0.404,300
0.07,RANK,A187VXD4ETY6M2,0,WB,4.406,150
0.05,RANK,A187VXD4ETY6M2,1,WB,3.301,150
0.07,RANK,A38HYUTYWWREGH,1,PB,2.691,75
0.03,RANK,A38HYUTYWWREGH,1,PB,24.163,75
0.11,RANK,A38HYUTYWWREGH,0,PB,10.011,300
0.5,RANK,A38HYUTYWWREGH,0,PB,6.941,150
0.14,RANK,A38HYUTYWWREGH,0,PB,7.439,300
0.64,RANK,A38HYUTYWWREGH,0,PB,3.024,75
0.32,RANK,A38HYUTYWWREGH,0,PB,28.8,300
0.15,RANK,A38HYUTYWWREGH,0,PB,2.603,75
0.51,RANK,A38HYUTYWWREGH,0,PB,2.972,150
0.02,RANK,A38HYUTYWWREGH,1,PB,11.907,300
0.01,RANK,A38HYUTYWWREGH,1,PB,3.477,75
0.49,RANK,A38HYUTYWWREGH,0,PB,4.121,300
0.03,RANK,A38HYUTYWWREGH,0,PB,3.072,300
0.35,RANK,A38HYUTYWWREGH,0,PB,3.369,75
0.12,RANK,A38HYUTYWWREGH,0,PB,2.115,150
0.02,RANK,A38HYUTYWWREGH,1,PB,2.863,150
0.64,RANK,A38HYUTYWWREGH,0,PB,3.022,300
0.21,RANK,A38HYUTYWWREGH,0,PB,2.426,150
0.86,RANK,A38HYUTYWWREGH,0,PB,2.092,75
0.63,RANK,A38HYUTYWWREGH,0,PB,1.768,300
0.34,RANK,A38HYUTYWWREGH,0,PB,4.041,150
0.79,RANK,A38HYUTYWWREGH,0,PB,3.17,150
0.43,RANK,A38HYUTYWWREGH,0,PB,2.216,75
0.79,RANK,A38HYUTYWWREGH,0,PB,3.246,300
0.42,RANK,A38HYUTYWWREGH,0,PB,3.088,150
0.11,RANK,A38HYUTYWWREGH,0,PB,2.419,150
0.2,RANK,A38HYUTYWWREGH,0,PB,2.145,300
0.51,RANK,A38HYUTYWWREGH,0,PB,1.38,75
0.1,RANK,A38HYUTYWWREGH,0,PB,2.058,150
0.03,RANK,A38HYUTYWWREGH,1,PB,1.836,75
0.01,RANK,A3ERAC9ADCIAOW,1,ZP,7.361,150
0.03,RANK,A3ERAC9ADCIAOW,1,ZP,7.107,150
0.01,RANK,A3ERAC9ADCIAOW,1,ZP,4.149,75
0.03,RANK,A3ERAC9ADCIAOW,1,ZP,6.595,150
0.09,RANK,A3ERAC9ADCIAOW,0,ZP,12.62,300
0.13,RANK,A3ERAC9ADCIAOW,0,ZP,12.942,300
0.03,RANK,A3ERAC9ADCIAOW,0,ZP,2.888,300
0.02,RANK,A3ERAC9ADCIAOW,1,ZP,3.813,300
0.03,RANK,A3ERAC9ADCIAOW,1,ZP,9.957,150
0.03,RANK,A3ERAC9ADCIAOW,1,ZP,11.129,75
0.02,RANK,A3ERAC9ADCIAOW,1,ZP,10.918,150
0.04,RANK,A3ERAC9ADCIAOW,1,ZP,3.586,75
0.01,RANK,A3ERAC9ADCIAOW,1,ZP,7.092,150
0.01,RANK,A3ERAC9ADCIAOW,1,ZP,8.497,300
0.01,RANK,A3ERAC9ADCIAOW,1,ZP,12.345,150
0.04,RANK,A3ERAC9ADCIAOW,0,ZP,10.242,300
0.05,RANK,A3ERAC9ADCIAOW,0,ZP,19.189,300
0.03,RANK,A3ERAC9ADCIAOW,1,ZP,5.866,300
0.05,RANK,A3ERAC9ADCIAOW,0,ZP,3.797,300
0.01,RANK,A3ERAC9ADCIAOW,1,ZP,10.733,75
0.04,RANK,A3ERAC9ADCIAOW,1,ZP,13.284,75
0.03,RANK,A3ERAC9ADCIAOW,1,ZP,7.992,75
0.03,RANK,A3ERAC9ADCIAOW,1,ZP,15.678,150
0.0,RANK,A3ERAC9ADCIAOW,1,ZP,7.268,75
0.01,RANK,A3ERAC9ADCIAOW,1,ZP,4.611,75
0.03,RANK,A3ERAC9ADCIAOW,1,ZP,3.144,75
0.1,RANK,A3ERAC9ADCIAOW,0,ZP,9.486,300
0.0,RANK,A3ERAC9ADCIAOW,1,ZP,10.31,150
0.05,RANK,A3ERAC9ADCIAOW,1,ZP,3.71,75
0.02,RANK,A3ERAC9ADCIAOW,1,ZP,5.263,150
0.09,RANK,A1TMZLYXQAK8Q0,0,KB,19.95,300
0.15,RANK,A1TMZLYXQAK8Q0,0,KB,20.738,75
0.05,RANK,A1TMZLYXQAK8Q0,0,KB,19.361,300
0.04,RANK,A1TMZLYXQAK8Q0,0,KB,16.72,300
0.1,RANK,A1TMZLYXQAK8Q0,0,KB,24.889,300
0.01,RANK,A1TMZLYXQAK8Q0,1,KB,36.933,150
0.22,RANK,A1TMZLYXQAK8Q0,0,KB,9.212,150
0.25,RANK,A1TMZLYXQAK8Q0,0,KB,12.665,150
0.0,RANK,A1TMZLYXQAK8Q0,1,KB,14.612,150
0.18,RANK,A1TMZLYXQAK8Q0,0,KB,21.55,75
0.3,RANK,A1TMZLYXQAK8Q0,0,KB,9.369,75
0.01,RANK,A1TMZLYXQAK8Q0,1,KB,6.413,75
0.06,RANK,A1TMZLYXQAK8Q0,0,KB,17.785,300
0.03,RANK,A1TMZLYXQAK8Q0,1,KB,6.438,150
0.05,RANK,A1TMZLYXQAK8Q0,1,KB,6.086,150
0.12,RANK,A1TMZLYXQAK8Q0,1,KB,10.554,75
0.05,RANK,A1TMZLYXQAK8Q0,1,KB,15.163,75
0.11,RANK,A1TMZLYXQAK8Q0,0,KB,6.349,150
0.18,RANK,A1TMZLYXQAK8Q0,0,KB,3.312,75
0.02,RANK,A1TMZLYXQAK8Q0,1,KB,9.189,300
0.03,RANK,A1TMZLYXQAK8Q0,1,KB,13.555,150
0.1,RANK,A1TMZLYXQAK8Q0,0,KB,15.567,300
0.07,RANK,A1TMZLYXQAK8Q0,0,KB,8.025,300
0.03,RANK,A1TMZLYXQAK8Q0,1,KB,13.002,75
0.07,RANK,A1TMZLYXQAK8Q0,1,KB,12.382,75
0.03,RANK,A1TMZLYXQAK8Q0,1,KB,12.288,300
0.04,RANK,A1TMZLYXQAK8Q0,1,KB,10.17,75
0.13,RANK,A1TMZLYXQAK8Q0,0,KB,7.871,150
0.01,RANK,A1TMZLYXQAK8Q0,1,KB,21.026,300
0.03,RANK,A1TMZLYXQAK8Q0,1,KB,15.138,150
0.04,RANK,A3J85WP15JFYW0,1,LL,8.851,75
0.03,RANK,A3J85WP15JFYW0,1,LL,15.811,300
0.02,RANK,A3J85WP15JFYW0,1,LL,5.16,150
0.77,RANK,A3J85WP15JFYW0,0,LL,2.891,150
0.71,RANK,A3J85WP15JFYW0,0,LL,8.019,150
0.12,RANK,A3J85WP15JFYW0,0,LL,14.485,300
0.03,RANK,A3J85WP15JFYW0,1,LL,6.616,75
0.15,RANK,A3J85WP15JFYW0,0,LL,8.546,300
0.05,RANK,A3J85WP15JFYW0,0,LL,7.468,300
0.23,RANK,A3J85WP15JFYW0,0,LL,8.71,300
0.03,RANK,A3J85WP15JFYW0,1,LL,7.31,150
0.0,RANK,A3J85WP15JFYW0,1,LL,6.936,75
0.01,RANK,A3J85WP15JFYW0,1,LL,6.343,75
0.09,RANK,A3J85WP15JFYW0,1,LL,6.149,75
0.03,RANK,A3J85WP15JFYW0,0,LL,7.157,300
0.09,RANK,A3J85WP15JFYW0,0,LL,8.102,150
0.07,RANK,A3J85WP15JFYW0,0,LL,5.942,150
0.08,RANK,A3J85WP15JFYW0,1,LL,7.409,75
0.03,RANK,A3J85WP15JFYW0,1,LL,5.96,75
0.07,RANK,A3J85WP15JFYW0,0,LL,7.026,150
0.06,RANK,A3J85WP15JFYW0,0,LL,6.242,300
0.01,RANK,A3J85WP15JFYW0,1,LL,7.165,75
0.09,RANK,A3J85WP15JFYW0,1,LL,3.796,75
0.03,RANK,A3J85WP15JFYW0,1,LL,6.225,150
0.14,RANK,A3J85WP15JFYW0,0,LL,7.427,300
0.12,RANK,A3J85WP15JFYW0,0,LL,6.167,150
0.1,RANK,A3J85WP15JFYW0,0,LL,8.006,300
0.05,RANK,A3J85WP15JFYW0,1,LL,6.079,150
0.01,RANK,A3J85WP15JFYW0,1,LL,6.136,75
0.25,RANK,A3J85WP15JFYW0,0,LL,7.751,300
0.18,RANK,A15FXHC1CVNW31,0,TM,4.543,75
0.11,RANK,A15FXHC1CVNW31,1,TM,3.964,75
0.01,RANK,A15FXHC1CVNW31,1,TM,2.706,75
0.06,RANK,A15FXHC1CVNW31,0,TM,3.586,300
0.14,RANK,A15FXHC1CVNW31,0,TM,2.931,300
0.18,RANK,A15FXHC1CVNW31,0,TM,1.319,300
0.23,RANK,A15FXHC1CVNW31,0,TM,3.832,75
0.11,RANK,A15FXHC1CVNW31,0,TM,4.178,150
0.05,RANK,A15FXHC1CVNW31,1,TM,2.588,150
0.09,RANK,A15FXHC1CVNW31,0,TM,3.526,300
0.09,RANK,A15FXHC1CVNW31,0,TM,3.138,150
0.07,RANK,A15FXHC1CVNW31,0,TM,32.848,150
0.12,RANK,A15FXHC1CVNW31,1,TM,3.876,75
0.04,RANK,A15FXHC1CVNW31,0,TM,6.008,300
0.19,RANK,A15FXHC1CVNW31,0,TM,4.538,150
0.0,RANK,A15FXHC1CVNW31,1,TM,2.635,150
0.1,RANK,A15FXHC1CVNW31,0,TM,1.692,150
0.12,RANK,A15FXHC1CVNW31,0,TM,1.488,150
0.12,RANK,A15FXHC1CVNW31,0,TM,3.065,150
0.12,RANK,A15FXHC1CVNW31,0,TM,4.648,300
0.12,RANK,A15FXHC1CVNW31,1,TM,4.92,75
0.41,RANK,A15FXHC1CVNW31,0,TM,1.954,75
0.16,RANK,A15FXHC1CVNW31,0,TM,2.574,75
0.03,RANK,A15FXHC1CVNW31,1,TM,2.521,150
0.1,RANK,A15FXHC1CVNW31,0,TM,2.908,300
0.05,RANK,A15FXHC1CVNW31,0,TM,5.443,300
0.05,RANK,A15FXHC1CVNW31,0,TM,7.027,300
0.29,RANK,A15FXHC1CVNW31,0,TM,2.686,150
0.11,RANK,A15FXHC1CVNW31,1,TM,2.55,75
0.01,RANK,A1IUH9D7N69VS,1,LL,13.214,300
0.01,RANK,A1IUH9D7N69VS,1,LL,16.9,150
0.03,RANK,A1IUH9D7N69VS,1,LL,10.746,150
0.0,RANK,A1IUH9D7N69VS,1,LL,17.576,300
0.03,RANK,A1IUH9D7N69VS,1,LL,8.668,75
0.02,RANK,A1IUH9D7N69VS,1,LL,11.098,300
0.01,RANK,A1IUH9D7N69VS,1,LL,9.074,75
0.03,RANK,A1IUH9D7N69VS,1,LL,8.914,150
0.01,RANK,A1IUH9D7N69VS,1,LL,8.222,150
0.03,RANK,A1IUH9D7N69VS,1,LL,3.336,75
0.05,RANK,A1IUH9D7N69VS,1,LL,6.058,75
0.03,RANK,A1IUH9D7N69VS,1,LL,7.318,150
0.05,RANK,A1IUH9D7N69VS,0,LL,9.074,300
0.03,RANK,A1IUH9D7N69VS,1,LL,4.846,75
0.03,RANK,A1IUH9D7N69VS,1,LL,1.936,75
0.03,RANK,A1IUH9D7N69VS,1,LL,6.294,300
0.01,RANK,A1IUH9D7N69VS,1,LL,5.624,150
0.04,RANK,A1IUH9D7N69VS,0,LL,8.272,300
0.03,RANK,A1IUH9D7N69VS,0,LL,10.096,300
0.02,RANK,A1IUH9D7N69VS,1,LL,4.056,150
0.01,RANK,A1IUH9D7N69VS,1,LL,6.616,75
0.04,RANK,A1IUH9D7N69VS,0,LL,7.504,300
0.04,RANK,A1IUH9D7N69VS,1,LL,4.842,75
0.05,RANK,A1IUH9D7N69VS,0,LL,4.742,300
0.03,RANK,A1IUH9D7N69VS,1,LL,6.284,150
0.05,RANK,A1IUH9D7N69VS,0,LL,8.74,300
0.05,RANK,A1IUH9D7N69VS,1,LL,2.742,75
0.09,RANK,A1IUH9D7N69VS,0,LL,6.256,150
0.0,RANK,A1IUH9D7N69VS,1,LL,6.974,150
0.07,RANK,A1IUH9D7N69VS,1,LL,4.842,75
0.25,RANK,A2R0YYUAWNT7UD,0,PB,6.553,150
0.57,RANK,A2R0YYUAWNT7UD,0,PB,6.949,75
0.15,RANK,A2R0YYUAWNT7UD,0,PB,5.546,300
0.4,RANK,A2R0YYUAWNT7UD,0,PB,7.372,150
0.26,RANK,A2R0YYUAWNT7UD,0,PB,8.339,300
0.46,RANK,A2R0YYUAWNT7UD,0,PB,2.891,150
0.64,RANK,A2R0YYUAWNT7UD,0,PB,4.519,300
0.11,RANK,A2R0YYUAWNT7UD,0,PB,5.342,150
0.22,RANK,A2R0YYUAWNT7UD,0,PB,5.613,75
0.19,RANK,A2R0YYUAWNT7UD,0,PB,3.804,150
0.31,RANK,A2R0YYUAWNT7UD,0,PB,4.46,75
0.86,RANK,A2R0YYUAWNT7UD,0,PB,3.735,300
0.31,RANK,A2R0YYUAWNT7UD,0,PB,3.825,150
0.11,RANK,A2R0YYUAWNT7UD,0,PB,2.886,150
0.35,RANK,A2R0YYUAWNT7UD,0,PB,2.363,75
0.26,RANK,A2R0YYUAWNT7UD,0,PB,2.766,75
0.14,RANK,A2R0YYUAWNT7UD,0,PB,3.708,75
0.1,RANK,A2R0YYUAWNT7UD,0,PB,1.816,150
0.29,RANK,A2R0YYUAWNT7UD,0,PB,3.556,300
0.01,RANK,A2R0YYUAWNT7UD,1,PB,2.242,300
0.11,RANK,A2R0YYUAWNT7UD,0,PB,2.656,300
0.5,RANK,A2R0YYUAWNT7UD,0,PB,6.385,75
0.1,RANK,A2R0YYUAWNT7UD,0,PB,3.935,300
0.39,RANK,A2R0YYUAWNT7UD,0,PB,3.057,150
0.58,RANK,A2R0YYUAWNT7UD,0,PB,2.799,75
0.64,RANK,A2R0YYUAWNT7UD,0,PB,1.8,300
0.11,RANK,A2R0YYUAWNT7UD,1,PB,3.334,75
0.26,RANK,A2R0YYUAWNT7UD,0,PB,1.195,75
0.03,RANK,A2R0YYUAWNT7UD,1,PB,4.543,150
0.85,RANK,A2R0YYUAWNT7UD,0,PB,1.824,300
0.04,RANK,A55CXM7QR7R0N,1,ZP,7.753,75
0.2,RANK,A55CXM7QR7R0N,0,ZP,10.85,300
0.4,RANK,A55CXM7QR7R0N,0,ZP,15.423,150
0.85,RANK,A55CXM7QR7R0N,0,ZP,5.045,300
0.24,RANK,A55CXM7QR7R0N,0,ZP,2.837,75
0.08,RANK,A55CXM7QR7R0N,1,ZP,7.646,75
0.1,RANK,A55CXM7QR7R0N,0,ZP,5.987,150
0.1,RANK,A55CXM7QR7R0N,0,ZP,2.693,150
0.19,RANK,A55CXM7QR7R0N,0,ZP,8.771,300
0.28,RANK,A55CXM7QR7R0N,0,ZP,8.772,75
0.07,RANK,A55CXM7QR7R0N,1,ZP,10.416,75
0.44,RANK,A55CXM7QR7R0N,0,ZP,12.028,150
0.08,RANK,A55CXM7QR7R0N,0,ZP,6.187,300
0.23,RANK,A55CXM7QR7R0N,0,ZP,5.132,75
0.57,RANK,A55CXM7QR7R0N,0,ZP,9.079,75
0.65,RANK,A55CXM7QR7R0N,0,ZP,4.596,75
0.33,RANK,A55CXM7QR7R0N,0,ZP,11.207,150
0.26,RANK,A55CXM7QR7R0N,0,ZP,5.886,75
0.38,RANK,A55CXM7QR7R0N,0,ZP,6.929,150
0.04,RANK,A55CXM7QR7R0N,0,ZP,5.285,300
0.43,RANK,A55CXM7QR7R0N,0,ZP,10.624,300
0.24,RANK,A55CXM7QR7R0N,0,ZP,11.304,300
0.02,RANK,A55CXM7QR7R0N,1,ZP,6.357,300
0.11,RANK,A55CXM7QR7R0N,0,ZP,2.617,150
0.46,RANK,A55CXM7QR7R0N,0,ZP,5.354,150
0.32,RANK,A55CXM7QR7R0N,0,ZP,3.004,75
0.09,RANK,A55CXM7QR7R0N,0,ZP,3.163,150
0.86,RANK,A55CXM7QR7R0N,0,ZP,3.191,300
0.12,RANK,A55CXM7QR7R0N,0,ZP,4.762,150
0.11,RANK,A55CXM7QR7R0N,0,ZP,3.235,300
0.31,RANK,ABL3H3O3BI8ZD,0,TM,1.627,75
0.45,RANK,ABL3H3O3BI8ZD,0,TM,0.485,300
0.36,RANK,ABL3H3O3BI8ZD,0,TM,0.522,75
0.14,RANK,ABL3H3O3BI8ZD,0,TM,0.437,75
0.04,RANK,ABL3H3O3BI8ZD,0,TM,0.49,300
0.46,RANK,ABL3H3O3BI8ZD,0,TM,0.464,75
0.35,RANK,ABL3H3O3BI8ZD,0,TM,0.558,75
0.07,RANK,ABL3H3O3BI8ZD,0,TM,1.382,150
0.09,RANK,ABL3H3O3BI8ZD,0,TM,0.523,150
0.27,RANK,ABL3H3O3BI8ZD,0,TM,0.502,300
0.17,RANK,ABL3H3O3BI8ZD,0,TM,1.775,300
0.28,RANK,ABL3H3O3BI8ZD,0,TM,0.793,75
0.43,RANK,ABL3H3O3BI8ZD,0,TM,0.8,75
0.17,RANK,ABL3H3O3BI8ZD,0,TM,0.356,150
0.15,RANK,ABL3H3O3BI8ZD,0,TM,0.361,75
0.12,RANK,ABL3H3O3BI8ZD,0,TM,0.42,300
0.29,RANK,ABL3H3O3BI8ZD,0,TM,0.947,300
0.15,RANK,ABL3H3O3BI8ZD,0,TM,0.437,150
0.23,RANK,ABL3H3O3BI8ZD,0,TM,0.55,300
0.26,RANK,ABL3H3O3BI8ZD,0,TM,0.445,150
0.32,RANK,ABL3H3O3BI8ZD,0,TM,1.713,150
0.31,RANK,ABL3H3O3BI8ZD,0,TM,0.805,75
0.07,RANK,ABL3H3O3BI8ZD,0,TM,0.41,300
0.23,RANK,ABL3H3O3BI8ZD,0,TM,0.423,150
0.05,RANK,ABL3H3O3BI8ZD,0,TM,0.429,300
0.19,RANK,ABL3H3O3BI8ZD,0,TM,0.398,150
0.11,RANK,ABL3H3O3BI8ZD,1,TM,0.447,75
0.31,RANK,ABL3H3O3BI8ZD,0,TM,1.469,150
0.39,RANK,ABL3H3O3BI8ZD,0,TM,146.38,300
0.36,RANK,ABL3H3O3BI8ZD,0,TM,0.363,150
0.05,RANK,A2CF2BD4Q0ZDJN,1,PB,8.618,75
0.02,RANK,A2CF2BD4Q0ZDJN,1,PB,9.261,150
0.05,RANK,A2CF2BD4Q0ZDJN,0,PB,11.399,300
0.03,RANK,A2CF2BD4Q0ZDJN,1,PB,7.975,75
0.05,RANK,A2CF2BD4Q0ZDJN,1,PB,15.004,150
0.07,RANK,A2CF2BD4Q0ZDJN,0,PB,17.197,300
0.0,RANK,A2CF2BD4Q0ZDJN,1,PB,19.922,150
0.44,RANK,A2CF2BD4Q0ZDJN,0,PB,23.305,300
0.03,RANK,A2CF2BD4Q0ZDJN,1,PB,20.406,150
0.03,RANK,A2CF2BD4Q0ZDJN,1,PB,11.691,75
0.03,RANK,A2CF2BD4Q0ZDJN,1,PB,12.717,150
0.01,RANK,A2CF2BD4Q0ZDJN,1,PB,10.095,150
0.03,RANK,A2CF2BD4Q0ZDJN,1,PB,24.974,300
0.01,RANK,A2CF2BD4Q0ZDJN,1,PB,18.964,300
0.01,RANK,A2CF2BD4Q0ZDJN,1,PB,12.615,75
0.02,RANK,A2CF2BD4Q0ZDJN,1,PB,16.034,300
0.1,RANK,A2CF2BD4Q0ZDJN,0,PB,24.565,300
0.03,RANK,A2CF2BD4Q0ZDJN,1,PB,16.177,150
0.01,RANK,A2CF2BD4Q0ZDJN,1,PB,7.159,75
0.0,RANK,A2CF2BD4Q0ZDJN,1,PB,6.408,75
0.03,RANK,A2CF2BD4Q0ZDJN,1,PB,8.574,75
0.02,RANK,A2CF2BD4Q0ZDJN,1,PB,15.006,300
0.01,RANK,A2CF2BD4Q0ZDJN,1,PB,10.517,150
0.03,RANK,A2CF2BD4Q0ZDJN,1,PB,11.268,150
0.04,RANK,A2CF2BD4Q0ZDJN,1,PB,8.031,75
0.05,RANK,A2CF2BD4Q0ZDJN,1,PB,7.042,75
0.03,RANK,A2CF2BD4Q0ZDJN,1,PB,13.675,300
0.0,RANK,A2CF2BD4Q0ZDJN,1,PB,8.995,300
0.04,RANK,A2CF2BD4Q0ZDJN,1,PB,6.752,75
0.01,RANK,A2CF2BD4Q0ZDJN,1,PB,6.934,150
0.1,RANK,A2ZRLADV6YATHA,0,LL,7.429,300
0.11,RANK,A2ZRLADV6YATHA,1,LL,5.237,75
0.16,RANK,A2ZRLADV6YATHA,0,LL,6.901,75
0.26,RANK,A2ZRLADV6YATHA,0,LL,2.253,150
0.09,RANK,A2ZRLADV6YATHA,0,LL,6.469,300
0.1,RANK,A2ZRLADV6YATHA,0,LL,5.869,150
0.05,RANK,A2ZRLADV6YATHA,1,LL,1.776,75
0.35,RANK,A2ZRLADV6YATHA,0,LL,5.347,75
0.64,RANK,A2ZRLADV6YATHA,0,LL,6.113,75
0.14,RANK,A2ZRLADV6YATHA,0,LL,5.667,300
0.15,RANK,A2ZRLADV6YATHA,0,LL,5.722,75
0.01,RANK,A2ZRLADV6YATHA,1,LL,6.777,150
0.51,RANK,A2ZRLADV6YATHA,0,LL,2.945,75
0.5,RANK,A2ZRLADV6YATHA,0,LL,4.157,150
0.12,RANK,A2ZRLADV6YATHA,0,LL,6.271,300
0.07,RANK,A2ZRLADV6YATHA,0,LL,3.597,150
0.12,RANK,A2ZRLADV6YATHA,1,LL,2.167,75
0.56,RANK,A2ZRLADV6YATHA,0,LL,3.834,300
0.57,RANK,A2ZRLADV6YATHA,0,LL,4.83,300
0.35,RANK,A2ZRLADV6YATHA,0,LL,2.538,300
0.03,RANK,A2ZRLADV6YATHA,1,LL,2.414,300
0.02,RANK,A2ZRLADV6YATHA,1,LL,2.323,150
0.07,RANK,A2ZRLADV6YATHA,1,LL,3.588,75
0.44,RANK,A2ZRLADV6YATHA,0,LL,5.025,150
0.59,RANK,A2ZRLADV6YATHA,0,LL,2.644,300
0.15,RANK,A2ZRLADV6YATHA,0,LL,2.803,150
0.23,RANK,A2ZRLADV6YATHA,0,LL,3.491,75
0.14,RANK,A2ZRLADV6YATHA,0,LL,6.559,300
0.11,RANK,A2ZRLADV6YATHA,0,LL,2.862,150
0.06,RANK,A2ZRLADV6YATHA,1,LL,4.042,150
0.03,RANK,AFDC9A6Z60W2Z,1,PB,4.447,150
0.05,RANK,AFDC9A6Z60W2Z,1,PB,2.845,150
0.05,RANK,AFDC9A6Z60W2Z,1,PB,3.828,75
0.11,RANK,AFDC9A6Z60W2Z,0,PB,4.062,150
0.07,RANK,AFDC9A6Z60W2Z,0,PB,6.911,150
0.02,RANK,AFDC9A6Z60W2Z,1,PB,4.018,150
0.0,RANK,AFDC9A6Z60W2Z,1,PB,10.324,300
0.04,RANK,AFDC9A6Z60W2Z,1,PB,5.736,150
0.09,RANK,AFDC9A6Z60W2Z,0,PB,6.484,150
0.06,RANK,AFDC9A6Z60W2Z,0,PB,5.811,300
0.01,RANK,AFDC9A6Z60W2Z,1,PB,8.148,300
0.01,RANK,AFDC9A6Z60W2Z,1,PB,5.941,75
0.09,RANK,AFDC9A6Z60W2Z,0,PB,8.068,300
0.04,RANK,AFDC9A6Z60W2Z,1,PB,7.793,75
0.01,RANK,AFDC9A6Z60W2Z,1,PB,6.898,75
0.03,RANK,AFDC9A6Z60W2Z,1,PB,5.809,300
0.01,RANK,AFDC9A6Z60W2Z,1,PB,4.0,75
0.03,RANK,AFDC9A6Z60W2Z,1,PB,2.44,75
0.03,RANK,AFDC9A6Z60W2Z,1,PB,3.481,75
0.05,RANK,AFDC9A6Z60W2Z,1,PB,7.806,150
0.02,RANK,AFDC9A6Z60W2Z,1,PB,6.018,300
0.04,RANK,AFDC9A6Z60W2Z,1,PB,4.581,75
0.03,RANK,AFDC9A6Z60W2Z,1,PB,3.955,75
0.05,RANK,AFDC9A6Z60W2Z,0,PB,7.711,300
0.03,RANK,AFDC9A6Z60W2Z,1,PB,5.959,300
0.03,RANK,AFDC9A6Z60W2Z,1,PB,7.961,150
0.03,RANK,AFDC9A6Z60W2Z,0,PB,8.506,300
0.02,RANK,AFDC9A6Z60W2Z,1,PB,4.322,300
0.07,RANK,AFDC9A6Z60W2Z,0,PB,4.721,150
0.0,RANK,AFDC9A6Z60W2Z,1,PB,5.772,75
0.09,RANK,A1P6OXEJ86HQRM,0,LL,12.193,300
0.01,RANK,A1P6OXEJ86HQRM,1,LL,7.081,75
0.02,RANK,A1P6OXEJ86HQRM,1,LL,11.266,300
0.01,RANK,A1P6OXEJ86HQRM,1,LL,6.847,75
0.03,RANK,A1P6OXEJ86HQRM,1,LL,6.353,150
0.03,RANK,A1P6OXEJ86HQRM,1,LL,9.724,150
0.03,RANK,A1P6OXEJ86HQRM,1,LL,8.604,75
0.15,RANK,A1P6OXEJ86HQRM,0,LL,7.629,150
0.17,RANK,A1P6OXEJ86HQRM,0,LL,7.622,150
0.06,RANK,A1P6OXEJ86HQRM,1,LL,8.897,150
0.0,RANK,A1P6OXEJ86HQRM,1,LL,9.613,300
0.08,RANK,A1P6OXEJ86HQRM,0,LL,6.581,150
0.0,RANK,A1P6OXEJ86HQRM,1,LL,6.553,75
0.01,RANK,A1P6OXEJ86HQRM,1,LL,8.663,75
0.07,RANK,A1P6OXEJ86HQRM,0,LL,10.211,300
0.03,RANK,A1P6OXEJ86HQRM,1,LL,7.947,75
0.03,RANK,A1P6OXEJ86HQRM,1,LL,6.574,75
0.17,RANK,A1P6OXEJ86HQRM,0,LL,8.074,300
0.04,RANK,A1P6OXEJ86HQRM,1,LL,6.904,75
0.1,RANK,A1P6OXEJ86HQRM,0,LL,8.332,150
0.11,RANK,A1P6OXEJ86HQRM,0,LL,8.994,150
0.05,RANK,A1P6OXEJ86HQRM,0,LL,8.316,300
0.19,RANK,A1P6OXEJ86HQRM,0,LL,8.124,300
0.05,RANK,A1P6OXEJ86HQRM,1,LL,7.421,150
0.03,RANK,A1P6OXEJ86HQRM,1,LL,8.686,75
0.1,RANK,A1P6OXEJ86HQRM,0,LL,6.254,300
0.01,RANK,A1P6OXEJ86HQRM,1,LL,6.134,75
0.12,RANK,A1P6OXEJ86HQRM,0,LL,6.492,300
0.03,RANK,A1P6OXEJ86HQRM,0,LL,10.594,300
0.0,RANK,A1P6OXEJ86HQRM,1,LL,9.485,150
0.04,RANK,A16SJ5D3DKUEXJ,1,WB,9.691,75
0.11,RANK,A16SJ5D3DKUEXJ,0,WB,8.631,150
0.01,RANK,A16SJ5D3DKUEXJ,1,WB,5.785,300
0.03,RANK,A16SJ5D3DKUEXJ,1,WB,6.294,75
0.03,RANK,A16SJ5D3DKUEXJ,1,WB,12.951,300
0.06,RANK,A16SJ5D3DKUEXJ,0,WB,3.71,300
0.03,RANK,A16SJ5D3DKUEXJ,1,WB,6.714,150
0.01,RANK,A16SJ5D3DKUEXJ,1,WB,2.258,75
0.02,RANK,A16SJ5D3DKUEXJ,1,WB,5.406,150
0.04,RANK,A16SJ5D3DKUEXJ,1,WB,7.592,150
0.07,RANK,A16SJ5D3DKUEXJ,0,WB,4.517,150
0.07,RANK,A16SJ5D3DKUEXJ,0,WB,7.932,150
0.03,RANK,A16SJ5D3DKUEXJ,1,WB,7.162,150
0.05,RANK,A16SJ5D3DKUEXJ,0,WB,5.626,300
0.07,RANK,A16SJ5D3DKUEXJ,0,WB,4.071,300
0.0,RANK,A16SJ5D3DKUEXJ,1,WB,2.569,75
0.04,RANK,A16SJ5D3DKUEXJ,1,WB,4.348,150
0.01,RANK,A16SJ5D3DKUEXJ,1,WB,2.441,150
0.01,RANK,A16SJ5D3DKUEXJ,1,WB,4.673,150
0.04,RANK,A16SJ5D3DKUEXJ,1,WB,2.254,75
0.1,RANK,A16SJ5D3DKUEXJ,0,WB,6.024,300
0.1,RANK,A16SJ5D3DKUEXJ,0,WB,2.425,300
0.03,RANK,A16SJ5D3DKUEXJ,1,WB,7.414,75
0.03,RANK,A16SJ5D3DKUEXJ,1,WB,2.624,75
0.03,RANK,A16SJ5D3DKUEXJ,0,WB,3.922,300
0.15,RANK,A16SJ5D3DKUEXJ,0,WB,4.142,300
0.01,RANK,A16SJ5D3DKUEXJ,1,WB,2.592,75
0.05,RANK,A16SJ5D3DKUEXJ,0,WB,3.382,300
0.08,RANK,A16SJ5D3DKUEXJ,1,WB,2.355,75
0.05,RANK,A16SJ5D3DKUEXJ,1,WB,4.262,75
0.55,RANK,A1HWB810RJBV2K,0,ZP,12.665,75
0.22,RANK,A1HWB810RJBV2K,0,ZP,2.449,300
0.01,RANK,A1HWB810RJBV2K,1,ZP,3.47,75
0.03,RANK,A1HWB810RJBV2K,1,ZP,3.374,75
0.05,RANK,A1HWB810RJBV2K,1,ZP,6.688,150
0.1,RANK,A1HWB810RJBV2K,0,ZP,2.427,300
0.05,RANK,A1HWB810RJBV2K,1,ZP,5.527,150
0.1,RANK,A1HWB810RJBV2K,0,ZP,3.349,300
0.14,RANK,A1HWB810RJBV2K,0,ZP,5.116,300
0.1,RANK,A1HWB810RJBV2K,0,ZP,3.193,150
0.13,RANK,A1HWB810RJBV2K,0,ZP,3.236,150
0.04,RANK,A1HWB810RJBV2K,1,ZP,3.534,150
0.85,RANK,A1HWB810RJBV2K,0,ZP,2.79,300
0.16,RANK,A1HWB810RJBV2K,0,ZP,2.615,75
0.06,RANK,A1HWB810RJBV2K,0,ZP,1.697,300
0.64,RANK,A1HWB810RJBV2K,0,ZP,11.27,300
0.03,RANK,A1HWB810RJBV2K,1,ZP,7.303,75
0.03,RANK,A1HWB810RJBV2K,1,ZP,9.799,300
0.02,RANK,A1HWB810RJBV2K,1,ZP,5.952,150
0.01,RANK,A1HWB810RJBV2K,1,ZP,4.819,300
0.07,RANK,A1HWB810RJBV2K,1,ZP,10.013,75
0.35,RANK,A1HWB810RJBV2K,0,ZP,7.963,150
0.56,RANK,A1HWB810RJBV2K,0,ZP,3.227,150
0.01,RANK,A1HWB810RJBV2K,1,ZP,4.971,75
0.57,RANK,A1HWB810RJBV2K,0,ZP,3.142,150
0.57,RANK,A1HWB810RJBV2K,0,ZP,3.654,75
0.15,RANK,A1HWB810RJBV2K,0,ZP,5.264,75
0.07,RANK,A1HWB810RJBV2K,0,ZP,12.836,150
0.78,RANK,A1HWB810RJBV2K,0,ZP,6.923,75
0.05,RANK,A1HWB810RJBV2K,0,ZP,2.863,300
0.14,RANK,A3HWJUL2SS2QNT,0,KB,7.183,75
0.5,RANK,A3HWJUL2SS2QNT,0,KB,10.321,75
0.64,RANK,A3HWJUL2SS2QNT,0,KB,2.798,150
0.35,RANK,A3HWJUL2SS2QNT,0,KB,2.892,75
0.12,RANK,A3HWJUL2SS2QNT,0,KB,3.718,150
0.12,RANK,A3HWJUL2SS2QNT,0,KB,2.233,150
0.38,RANK,A3HWJUL2SS2QNT,0,KB,2.307,300
0.42,RANK,A3HWJUL2SS2QNT,0,KB,1.642,150
0.1,RANK,A3HWJUL2SS2QNT,0,KB,1.471,300
0.1,RANK,A3HWJUL2SS2QNT,0,KB,1.614,150
0.18,RANK,A3HWJUL2SS2QNT,0,KB,5.343,75
0.09,RANK,A3HWJUL2SS2QNT,0,KB,4.091,150
0.06,RANK,A3HWJUL2SS2QNT,0,KB,3.88,300
0.03,RANK,A3HWJUL2SS2QNT,1,KB,3.463,75
0.43,RANK,A3HWJUL2SS2QNT,0,KB,1.728,300
0.13,RANK,A3HWJUL2SS2QNT,0,KB,1.855,150
0.11,RANK,A3HWJUL2SS2QNT,0,KB,1.528,150
0.04,RANK,A3HWJUL2SS2QNT,0,KB,2.647,300
0.29,RANK,A3HWJUL2SS2QNT,0,KB,2.127,300
0.35,RANK,A3HWJUL2SS2QNT,0,KB,1.264,300
0.11,RANK,A3HWJUL2SS2QNT,0,KB,3.561,150
0.08,RANK,A3HWJUL2SS2QNT,1,KB,1.132,75
0.09,RANK,A3HWJUL2SS2QNT,1,KB,1.881,75
0.03,RANK,A3HWJUL2SS2QNT,1,KB,1.347,75
0.01,RANK,A3HWJUL2SS2QNT,1,KB,1.274,75
0.1,RANK,A3HWJUL2SS2QNT,0,KB,1.983,300
0.19,RANK,A3HWJUL2SS2QNT,0,KB,2.503,75
0.01,RANK,A3HWJUL2SS2QNT,1,KB,2.41,150
0.01,RANK,A3HWJUL2SS2QNT,1,KB,1.571,300
0.14,RANK,A3HWJUL2SS2QNT,0,KB,1.384,300
0.05,RANK,A36470UBRH28GO,1,KB,5.614,150
0.04,RANK,A36470UBRH28GO,1,KB,12.249,150
0.3,RANK,A36470UBRH28GO,0,KB,14.085,75
0.24,RANK,A36470UBRH28GO,0,KB,0.034,300
0.18,RANK,A36470UBRH28GO,0,KB,6.229,75
0.07,RANK,A36470UBRH28GO,0,KB,9.857,300
0.18,RANK,A36470UBRH28GO,0,KB,9.067,75
0.12,RANK,A36470UBRH28GO,1,KB,7.756,75
0.07,RANK,A36470UBRH28GO,0,KB,12.092,150
0.02,RANK,A36470UBRH28GO,1,KB,5.907,300
0.12,RANK,A36470UBRH28GO,0,KB,8.819,300
0.2,RANK,A36470UBRH28GO,0,KB,5.304,75
0.12,RANK,A36470UBRH28GO,0,KB,9.18,150
0.04,RANK,A36470UBRH28GO,0,KB,7.772,300
0.06,RANK,A36470UBRH28GO,0,KB,7.136,300
0.11,RANK,A36470UBRH28GO,1,KB,5.151,75
0.03,RANK,A36470UBRH28GO,1,KB,8.934,150
0.15,RANK,A36470UBRH28GO,0,KB,8.577,300
0.04,RANK,A36470UBRH28GO,0,KB,7.737,300
0.07,RANK,A36470UBRH28GO,0,KB,10.062,150
0.02,RANK,A36470UBRH28GO,1,KB,12.261,150
0.12,RANK,A36470UBRH28GO,0,KB,4.948,150
0.03,RANK,A36470UBRH28GO,0,KB,4.248,300
0.11,RANK,A36470UBRH28GO,0,KB,9.051,150
0.03,RANK,A36470UBRH28GO,1,KB,4.54,150
0.05,RANK,A36470UBRH28GO,0,KB,8.714,300
0.32,RANK,A36470UBRH28GO,0,KB,6.569,75
0.15,RANK,A36470UBRH28GO,0,KB,6.516,75
0.08,RANK,A36470UBRH28GO,1,KB,4.507,75
0.3,RANK,A36470UBRH28GO,0,KB,9.36,75
0.03,RANK,A22ABLVEI5EGPL,1,LL,12.776,150
0.03,RANK,A22ABLVEI5EGPL,1,LL,11.542,150
0.05,RANK,A22ABLVEI5EGPL,1,LL,8.198,75
0.04,RANK,A22ABLVEI5EGPL,1,LL,3.484,75
0.08,RANK,A22ABLVEI5EGPL,0,LL,10.936,300
0.03,RANK,A22ABLVEI5EGPL,0,LL,12.312,300
0.03,RANK,A22ABLVEI5EGPL,1,LL,4.814,300
0.17,RANK,A22ABLVEI5EGPL,0,LL,7.558,300
0.14,RANK,A22ABLVEI5EGPL,0,LL,8.684,150
0.11,RANK,A22ABLVEI5EGPL,0,LL,6.244,150
0.27,RANK,A22ABLVEI5EGPL,0,LL,6.932,150
0.01,RANK,A22ABLVEI5EGPL,1,LL,7.46,150
0.05,RANK,A22ABLVEI5EGPL,1,LL,7.93,75
0.07,RANK,A22ABLVEI5EGPL,1,LL,6.166,75
0.03,RANK,A22ABLVEI5EGPL,1,LL,9.788,75
0.03,RANK,A22ABLVEI5EGPL,1,LL,6.5,150
0.02,RANK,A22ABLVEI5EGPL,1,LL,7.722,150
0.09,RANK,A22ABLVEI5EGPL,0,LL,7.108,150
0.04,RANK,A22ABLVEI5EGPL,1,LL,6.732,75
0.12,RANK,A22ABLVEI5EGPL,1,LL,5.81,75
0.03,RANK,A22ABLVEI5EGPL,1,LL,3.082,75
0.19,RANK,A22ABLVEI5EGPL,0,LL,6.402,150
0.01,RANK,A22ABLVEI5EGPL,1,LL,3.39,75
0.02,RANK,A22ABLVEI5EGPL,1,LL,6.356,300
0.06,RANK,A22ABLVEI5EGPL,0,LL,10.646,300
0.01,RANK,A22ABLVEI5EGPL,1,LL,8.908,300
0.05,RANK,A22ABLVEI5EGPL,0,LL,6.178,300
0.03,RANK,A22ABLVEI5EGPL,1,LL,5.208,75
0.1,RANK,A22ABLVEI5EGPL,0,LL,7.172,300
0.12,RANK,A22ABLVEI5EGPL,0,LL,5.918,300
0.05,RANK,ALZVG5501Y5IX,0,TM,4.043,300
0.72,RANK,ALZVG5501Y5IX,0,TM,4.389,300
0.28,RANK,ALZVG5501Y5IX,0,TM,1.674,75
0.42,RANK,ALZVG5501Y5IX,0,TM,4.036,150
0.05,RANK,ALZVG5501Y5IX,1,TM,3.014,75
0.0,RANK,ALZVG5501Y5IX,1,TM,1.195,150
0.15,RANK,ALZVG5501Y5IX,0,TM,0.807,300
0.03,RANK,ALZVG5501Y5IX,0,TM,1.847,300
0.05,RANK,ALZVG5501Y5IX,0,TM,1.101,300
0.03,RANK,ALZVG5501Y5IX,1,TM,1.276,75
0.01,RANK,ALZVG5501Y5IX,1,TM,1.829,150
0.03,RANK,ALZVG5501Y5IX,1,TM,1.708,150
0.1,RANK,ALZVG5501Y5IX,0,TM,1.053,150
0.11,RANK,ALZVG5501Y5IX,0,TM,0.703,150
0.49,RANK,ALZVG5501Y5IX,0,TM,1.188,150
0.05,RANK,ALZVG5501Y5IX,1,TM,1.145,75
0.03,RANK,ALZVG5501Y5IX,1,TM,0.713,75
0.02,RANK,ALZVG5501Y5IX,1,TM,1.257,150
0.14,RANK,ALZVG5501Y5IX,0,TM,1.071,300
0.13,RANK,ALZVG5501Y5IX,0,TM,1.025,300
0.08,RANK,ALZVG5501Y5IX,1,TM,1.064,75
0.23,RANK,ALZVG5501Y5IX,0,TM,1.224,75
0.3,RANK,ALZVG5501Y5IX,0,TM,0.887,300
0.34,RANK,ALZVG5501Y5IX,0,TM,1.124,75
0.3,RANK,ALZVG5501Y5IX,0,TM,0.854,75
0.1,RANK,ALZVG5501Y5IX,0,TM,0.908,150
0.12,RANK,ALZVG5501Y5IX,0,TM,1.46,150
0.09,RANK,ALZVG5501Y5IX,0,TM,2.012,300
0.18,RANK,ALZVG5501Y5IX,0,TM,0.891,75
0.16,RANK,ALZVG5501Y5IX,0,TM,0.95,300
0.03,RANK,A3AFC26CB0AXMI,0,WB,12.113,300
0.1,RANK,A3AFC26CB0AXMI,0,WB,3.305,300
0.05,RANK,A3AFC26CB0AXMI,0,WB,3.136,300
0.04,RANK,A3AFC26CB0AXMI,0,WB,3.941,300
0.04,RANK,A3AFC26CB0AXMI,1,WB,8.436,75
0.05,RANK,A3AFC26CB0AXMI,1,WB,6.512,75
0.01,RANK,A3AFC26CB0AXMI,1,WB,2.223,75
0.15,RANK,A3AFC26CB0AXMI,0,WB,3.495,300
0.02,RANK,A3AFC26CB0AXMI,1,WB,6.391,150
0.03,RANK,A3AFC26CB0AXMI,1,WB,4.554,75
0.03,RANK,A3AFC26CB0AXMI,1,WB,3.161,150
0.01,RANK,A3AFC26CB0AXMI,1,WB,10.619,75
0.04,RANK,A3AFC26CB0AXMI,1,WB,7.165,75
0.3,RANK,A3AFC26CB0AXMI,0,WB,2.766,75
0.12,RANK,A3AFC26CB0AXMI,0,WB,6.164,150
0.09,RANK,A3AFC26CB0AXMI,0,WB,7.637,150
0.02,RANK,A3AFC26CB0AXMI,1,WB,4.259,300
0.03,RANK,A3AFC26CB0AXMI,1,WB,11.663,150
0.2,RANK,A3AFC26CB0AXMI,0,WB,0.273,300
0.07,RANK,A3AFC26CB0AXMI,0,WB,7.249,150
0.21,RANK,A3AFC26CB0AXMI,0,WB,10.758,300
0.01,RANK,A3AFC26CB0AXMI,1,WB,5.936,150
0.0,RANK,A3AFC26CB0AXMI,1,WB,9.831,150
0.01,RANK,A3AFC26CB0AXMI,1,WB,4.449,300
0.09,RANK,A3AFC26CB0AXMI,1,WB,3.434,75
0.04,RANK,A3AFC26CB0AXMI,1,WB,8.003,150
0.1,RANK,A3AFC26CB0AXMI,0,WB,4.951,150
0.2,RANK,A3AFC26CB0AXMI,0,WB,9.229,75
0.01,RANK,A3AFC26CB0AXMI,1,WB,6.322,75
0.04,RANK,A3AFC26CB0AXMI,0,WB,4.905,300
0.3,RANK,ATR6RB1RULOC0,0,WB,8.847,75
0.16,RANK,ATR6RB1RULOC0,0,WB,3.785,75
0.09,RANK,ATR6RB1RULOC0,0,WB,7.468,150
0.06,RANK,ATR6RB1RULOC0,0,WB,3.633,300
0.01,RANK,ATR6RB1RULOC0,1,WB,2.369,75
0.02,RANK,ATR6RB1RULOC0,1,WB,3.311,150
0.1,RANK,ATR6RB1RULOC0,0,WB,5.262,300
0.01,RANK,ATR6RB1RULOC0,1,WB,5.037,75
0.12,RANK,ATR6RB1RULOC0,0,WB,3.45,300
0.05,RANK,ATR6RB1RULOC0,1,WB,2.837,75
0.03,RANK,ATR6RB1RULOC0,1,WB,9.634,75
0.08,RANK,ATR6RB1RULOC0,1,WB,2.435,75
0.04,RANK,ATR6RB1RULOC0,1,WB,4.432,75
0.14,RANK,ATR6RB1RULOC0,0,WB,5.694,300
0.03,RANK,ATR6RB1RULOC0,1,WB,3.498,75
0.03,RANK,ATR6RB1RULOC0,1,WB,7.704,150
0.14,RANK,ATR6RB1RULOC0,0,WB,6.365,150
0.07,RANK,ATR6RB1RULOC0,1,WB,7.446,75
0.22,RANK,ATR6RB1RULOC0,0,WB,8.225,150
0.04,RANK,ATR6RB1RULOC0,1,WB,4.504,150
0.39,RANK,ATR6RB1RULOC0,0,WB,15.994,300
0.15,RANK,ATR6RB1RULOC0,0,WB,2.696,300
0.09,RANK,ATR6RB1RULOC0,0,WB,2.325,300
0.17,RANK,ATR6RB1RULOC0,0,WB,5.802,150
0.01,RANK,ATR6RB1RULOC0,1,WB,3.702,150
0.0,RANK,ATR6RB1RULOC0,1,WB,3.834,150
0.12,RANK,ATR6RB1RULOC0,0,WB,3.201,150
0.3,RANK,ATR6RB1RULOC0,0,WB,6.08,300
0.12,RANK,ATR6RB1RULOC0,0,WB,2.44,300
0.04,RANK,ATR6RB1RULOC0,0,WB,2.229,300
0.34,RANK,A2MCG5W6LHSRG9,0,WB,16.779,300
0.19,RANK,A2MCG5W6LHSRG9,0,WB,11.772,150
0.11,RANK,A2MCG5W6LHSRG9,0,WB,6.825,150
0.02,RANK,A2MCG5W6LHSRG9,1,WB,3.515,150
0.03,RANK,A2MCG5W6LHSRG9,1,WB,4.616,150
0.15,RANK,A2MCG5W6LHSRG9,0,WB,9.66,75
0.05,RANK,A2MCG5W6LHSRG9,0,WB,13.412,300
0.04,RANK,A2MCG5W6LHSRG9,1,WB,7.76,75
0.09,RANK,A2MCG5W6LHSRG9,0,WB,7.224,300
0.14,RANK,A2MCG5W6LHSRG9,0,WB,14.519,150
0.0,RANK,A2MCG5W6LHSRG9,1,WB,16.024,150
0.05,RANK,A2MCG5W6LHSRG9,1,WB,5.905,75
0.05,RANK,A2MCG5W6LHSRG9,1,WB,6.433,150
0.03,RANK,A2MCG5W6LHSRG9,1,WB,4.302,75
0.09,RANK,A2MCG5W6LHSRG9,0,WB,4.025,150
0.1,RANK,A2MCG5W6LHSRG9,0,WB,7.2,300
0.04,RANK,A2MCG5W6LHSRG9,1,WB,8.03,75
0.03,RANK,A2MCG5W6LHSRG9,0,WB,10.544,300
0.05,RANK,A2MCG5W6LHSRG9,0,WB,4.987,300
0.03,RANK,A2MCG5W6LHSRG9,1,WB,5.085,75
0.04,RANK,A2MCG5W6LHSRG9,0,WB,8.355,300
0.06,RANK,A2MCG5W6LHSRG9,0,WB,8.678,300
0.04,RANK,A2MCG5W6LHSRG9,1,WB,4.848,150
0.17,RANK,A2MCG5W6LHSRG9,0,WB,4.592,150
0.12,RANK,A2MCG5W6LHSRG9,0,WB,9.018,300
0.03,RANK,A2MCG5W6LHSRG9,1,WB,5.494,300
0.05,RANK,A2MCG5W6LHSRG9,1,WB,6.451,75
0.08,RANK,A2MCG5W6LHSRG9,1,WB,8.385,75
0.09,RANK,A2MCG5W6LHSRG9,1,WB,5.62,75
0.0,RANK,A2MCG5W6LHSRG9,1,WB,4.069,75
0.01,RANK,A16HSMUJ7C7QA7,1,TM,11.582,300
0.04,RANK,A16HSMUJ7C7QA7,0,TM,16.645,300
0.03,RANK,A16HSMUJ7C7QA7,1,TM,8.548,75
0.0,RANK,A16HSMUJ7C7QA7,1,TM,17.476,75
0.08,RANK,A16HSMUJ7C7QA7,1,TM,26.154,75
0.02,RANK,A16HSMUJ7C7QA7,1,TM,12.882,150
0.03,RANK,A16HSMUJ7C7QA7,1,TM,11.732,75
0.18,RANK,A16HSMUJ7C7QA7,0,TM,13.343,300
0.07,RANK,A16HSMUJ7C7QA7,0,TM,13.529,150
0.03,RANK,A16HSMUJ7C7QA7,1,TM,7.899,75
0.07,RANK,A16HSMUJ7C7QA7,0,TM,11.431,300
0.05,RANK,A16HSMUJ7C7QA7,1,TM,19.995,150
0.04,RANK,A16HSMUJ7C7QA7,1,TM,8.475,75
0.12,RANK,A16HSMUJ7C7QA7,1,TM,5.977,75
0.03,RANK,A16HSMUJ7C7QA7,0,TM,13.807,300
0.13,RANK,A16HSMUJ7C7QA7,0,TM,13.225,150
0.04,RANK,A16HSMUJ7C7QA7,1,TM,12.95,150
0.05,RANK,A16HSMUJ7C7QA7,0,TM,18.635,300
0.11,RANK,A16HSMUJ7C7QA7,1,TM,11.531,75
0.04,RANK,A16HSMUJ7C7QA7,0,TM,17.099,300
0.03,RANK,A16HSMUJ7C7QA7,1,TM,11.762,150
0.03,RANK,A16HSMUJ7C7QA7,1,TM,6.558,150
0.01,RANK,A16HSMUJ7C7QA7,1,TM,9.23,150
0.03,RANK,A16HSMUJ7C7QA7,1,TM,12.53,150
0.03,RANK,A16HSMUJ7C7QA7,1,TM,4.324,300
0.07,RANK,A16HSMUJ7C7QA7,0,TM,6.903,300
0.01,RANK,A16HSMUJ7C7QA7,1,TM,7.408,75
0.05,RANK,A16HSMUJ7C7QA7,1,TM,13.294,75
0.02,RANK,A16HSMUJ7C7QA7,1,TM,6.473,300
0.05,RANK,A16HSMUJ7C7QA7,1,TM,5.773,150
0.0,RANK,A3DFJV1RD653DQ,1,ZP,10.497,150
0.63,RANK,A3DFJV1RD653DQ,0,ZP,7.465,300
0.03,RANK,A3DFJV1RD653DQ,1,ZP,7.818,150
0.04,RANK,A3DFJV1RD653DQ,0,ZP,4.416,300
0.04,RANK,A3DFJV1RD653DQ,1,ZP,7.296,75
0.56,RANK,A3DFJV1RD653DQ,0,ZP,11.105,150
0.08,RANK,A3DFJV1RD653DQ,0,ZP,3.772,300
0.73,RANK,A3DFJV1RD653DQ,0,ZP,3.234,75
0.12,RANK,A3DFJV1RD653DQ,0,ZP,3.486,300
0.42,RANK,A3DFJV1RD653DQ,0,ZP,2.558,75
0.55,RANK,A3DFJV1RD653DQ,0,ZP,3.88,75
0.04,RANK,A3DFJV1RD653DQ,0,ZP,2.024,300
0.12,RANK,A3DFJV1RD653DQ,0,ZP,3.551,300
0.22,RANK,A3DFJV1RD653DQ,0,ZP,1.871,150
0.42,RANK,A3DFJV1RD653DQ,0,ZP,3.376,150
0.19,RANK,A3DFJV1RD653DQ,0,ZP,2.044,75
0.58,RANK,A3DFJV1RD653DQ,0,ZP,3.268,150
0.03,RANK,A3DFJV1RD653DQ,0,ZP,2.928,300
0.09,RANK,A3DFJV1RD653DQ,1,ZP,3.017,75
0.07,RANK,A3DFJV1RD653DQ,0,ZP,2.351,300
0.21,RANK,A3DFJV1RD653DQ,0,ZP,3.062,150
0.77,RANK,A3DFJV1RD653DQ,0,ZP,1.791,150
0.65,RANK,A3DFJV1RD653DQ,0,ZP,2.432,75
0.0,RANK,A3DFJV1RD653DQ,1,ZP,1.4,75
0.22,RANK,A3DFJV1RD653DQ,0,ZP,1.62,300
0.04,RANK,A3DFJV1RD653DQ,1,ZP,1.91,75
0.3,RANK,A3DFJV1RD653DQ,0,ZP,3.094,75
0.07,RANK,A3DFJV1RD653DQ,0,ZP,1.714,300
0.79,RANK,A3DFJV1RD653DQ,0,ZP,1.564,150
0.58,RANK,A3DFJV1RD653DQ,0,ZP,2.342,150
0.01,RANK,A1YHIQHLLLQIIQ,1,TM,2.745,300
0.0,RANK,A1YHIQHLLLQIIQ,1,TM,9.465,150
0.01,RANK,A1YHIQHLLLQIIQ,1,TM,3.942,75
0.09,RANK,A1YHIQHLLLQIIQ,0,TM,5.329,300
0.02,RANK,A1YHIQHLLLQIIQ,1,TM,4.969,300
0.06,RANK,A1YHIQHLLLQIIQ,0,TM,3.49,300
0.17,RANK,A1YHIQHLLLQIIQ,0,TM,3.056,300
0.3,RANK,A1YHIQHLLLQIIQ,0,TM,3.963,75
0.34,RANK,A1YHIQHLLLQIIQ,0,TM,6.535,75
0.12,RANK,A1YHIQHLLLQIIQ,1,TM,3.009,75
0.05,RANK,A1YHIQHLLLQIIQ,1,TM,5.027,75
0.18,RANK,A1YHIQHLLLQIIQ,0,TM,5.337,300
0.11,RANK,A1YHIQHLLLQIIQ,1,TM,3.968,75
0.05,RANK,A1YHIQHLLLQIIQ,1,TM,2.954,150
0.22,RANK,A1YHIQHLLLQIIQ,0,TM,4.786,75
0.04,RANK,A1YHIQHLLLQIIQ,1,TM,3.204,150
0.14,RANK,A1YHIQHLLLQIIQ,0,TM,3.736,300
0.09,RANK,A1YHIQHLLLQIIQ,0,TM,4.31,300
0.07,RANK,A1YHIQHLLLQIIQ,0,TM,3.029,150
0.26,RANK,A1YHIQHLLLQIIQ,0,TM,3.431,150
0.03,RANK,A1YHIQHLLLQIIQ,1,TM,5.078,150
0.16,RANK,A1YHIQHLLLQIIQ,0,TM,2.3,75
0.03,RANK,A1YHIQHLLLQIIQ,1,TM,2.93,300
0.11,RANK,A1YHIQHLLLQIIQ,1,TM,2.827,75
0.11,RANK,A1YHIQHLLLQIIQ,1,TM,2.232,75
0.1,RANK,A1YHIQHLLLQIIQ,0,TM,2.199,150
0.05,RANK,A1YHIQHLLLQIIQ,1,TM,2.872,150
0.03,RANK,A1YHIQHLLLQIIQ,0,TM,2.682,300
0.42,RANK,A1YHIQHLLLQIIQ,0,TM,2.883,150
0.09,RANK,A1YHIQHLLLQIIQ,0,TM,2.803,150
0.05,RANK,A28N4YR1LYTKOC,0,TM,59.632,300
0.04,RANK,A28N4YR1LYTKOC,1,TM,4.395,75
0.07,RANK,A28N4YR1LYTKOC,0,TM,3.158,300
0.12,RANK,A28N4YR1LYTKOC,0,TM,3.228,150
0.18,RANK,A28N4YR1LYTKOC,0,TM,2.998,300
0.23,RANK,A28N4YR1LYTKOC,0,TM,2.698,150
0.02,RANK,A28N4YR1LYTKOC,1,TM,2.52,150
0.19,RANK,A28N4YR1LYTKOC,0,TM,4.945,75
0.29,RANK,A28N4YR1LYTKOC,0,TM,3.599,150
0.43,RANK,A28N4YR1LYTKOC,0,TM,3.083,150
0.1,RANK,A28N4YR1LYTKOC,0,TM,4.191,300
0.06,RANK,A28N4YR1LYTKOC,1,TM,4.547,150
0.01,RANK,A28N4YR1LYTKOC,1,TM,2.822,75
0.47,RANK,A28N4YR1LYTKOC,0,TM,2.734,75
0.09,RANK,A28N4YR1LYTKOC,0,TM,2.878,300
0.17,RANK,A28N4YR1LYTKOC,0,TM,3.36,150
0.16,RANK,A28N4YR1LYTKOC,0,TM,5.434,75
0.2,RANK,A28N4YR1LYTKOC,0,TM,3.935,300
0.09,RANK,A28N4YR1LYTKOC,0,TM,2.184,300
0.22,RANK,A28N4YR1LYTKOC,0,TM,2.348,75
0.24,RANK,A28N4YR1LYTKOC,0,TM,3.822,75
0.17,RANK,A28N4YR1LYTKOC,0,TM,2.551,300
0.32,RANK,A28N4YR1LYTKOC,0,TM,2.069,150
0.17,RANK,A28N4YR1LYTKOC,0,TM,3.848,150
0.02,RANK,A28N4YR1LYTKOC,1,TM,2.68,300
0.04,RANK,A28N4YR1LYTKOC,0,TM,5.635,300
0.23,RANK,A28N4YR1LYTKOC,0,TM,1.938,75
0.18,RANK,A28N4YR1LYTKOC,0,TM,2.833,75
0.05,RANK,A28N4YR1LYTKOC,1,TM,3.686,75
0.16,RANK,A3MUG02LJ4BM9F,0,PB,1.614,150
0.34,RANK,A3MUG02LJ4BM9F,0,PB,0.408,150
0.7,RANK,A3MUG02LJ4BM9F,0,PB,0.776,150
0.46,RANK,A3MUG02LJ4BM9F,0,PB,0.819,75
0.15,RANK,A3MUG02LJ4BM9F,0,PB,0.307,75
0.42,RANK,A3MUG02LJ4BM9F,0,PB,0.367,75
0.5,RANK,A3MUG02LJ4BM9F,0,PB,0.741,300
0.08,RANK,A3MUG02LJ4BM9F,1,PB,0.819,75
0.2,RANK,A3MUG02LJ4BM9F,0,PB,0.417,75
0.3,RANK,A3MUG02LJ4BM9F,0,PB,0.692,75
0.28,RANK,A3MUG02LJ4BM9F,0,PB,0.892,300
0.1,RANK,A3MUG02LJ4BM9F,0,PB,0.23,300
0.36,RANK,A3MUG02LJ4BM9F,0,PB,0.603,75
0.3,RANK,A3MUG02LJ4BM9F,0,PB,0.263,150
0.59,RANK,A3MUG02LJ4BM9F,0,PB,0.74,300
0.01,RANK,A3MUG02LJ4BM9F,1,PB,0.287,150
0.46,RANK,A3MUG02LJ4BM9F,0,PB,0.27,150
0.02,RANK,A3MUG02LJ4BM9F,1,PB,0.373,150
0.09,RANK,A3MUG02LJ4BM9F,0,PB,0.482,300
0.36,RANK,A3MUG02LJ4BM9F,0,PB,0.854,150
0.16,RANK,A3MUG02LJ4BM9F,0,PB,0.246,75
0.31,RANK,A3MUG02LJ4BM9F,0,PB,0.255,75
0.14,RANK,A3MUG02LJ4BM9F,0,PB,0.236,150
0.23,RANK,A3MUG02LJ4BM9F,0,PB,0.415,300
0.19,RANK,A3MUG02LJ4BM9F,0,PB,0.522,300
0.45,RANK,A3MUG02LJ4BM9F,0,PB,0.526,150
0.29,RANK,A3MUG02LJ4BM9F,0,PB,0.416,300
0.13,RANK,A3MUG02LJ4BM9F,0,PB,0.734,300
0.16,RANK,A3S8TCGE1CVC1P,0,ZP,8.912,75
0.32,RANK,A3S8TCGE1CVC1P,0,ZP,5.456,75
0.14,RANK,A3S8TCGE1CVC1P,0,ZP,6.824,150
0.8,RANK,A3S8TCGE1CVC1P,0,ZP,5.618,75
0.19,RANK,A3S8TCGE1CVC1P,0,ZP,8.757,75
0.66,RANK,A3S8TCGE1CVC1P,0,ZP,10.248,150
0.86,RANK,A3S8TCGE1CVC1P,0,ZP,4.286,300
0.27,RANK,A3S8TCGE1CVC1P,0,ZP,7.694,75
0.46,RANK,A3S8TCGE1CVC1P,0,ZP,5.833,300
0.85,RANK,A3S8TCGE1CVC1P,0,ZP,4.748,300
0.1,RANK,A3S8TCGE1CVC1P,0,ZP,14.314,150
0.47,RANK,A3S8TCGE1CVC1P,0,ZP,3.764,150
0.11,RANK,A3S8TCGE1CVC1P,1,ZP,12.284,75
0.71,RANK,A3S8TCGE1CVC1P,0,ZP,4.286,300
0.32,RANK,A3S8TCGE1CVC1P,0,ZP,4.249,150
0.01,RANK,A3S8TCGE1CVC1P,1,ZP,3.708,75
0.11,RANK,A3S8TCGE1CVC1P,0,ZP,2.568,150
0.58,RANK,A3S8TCGE1CVC1P,0,ZP,5.397,75
0.03,RANK,A3S8TCGE1CVC1P,1,ZP,3.605,75
0.11,RANK,A3S8TCGE1CVC1P,0,ZP,8.86,150
0.11,RANK,A3S8TCGE1CVC1P,0,ZP,6.508,150
0.35,RANK,A3S8TCGE1CVC1P,0,ZP,5.806,300
0.11,RANK,A3S8TCGE1CVC1P,0,ZP,2.345,300
0.04,RANK,A3S8TCGE1CVC1P,0,ZP,5.805,300
0.01,RANK,A3S8TCGE1CVC1P,1,ZP,5.264,300
0.1,RANK,A3S8TCGE1CVC1P,0,ZP,2.702,150
0.16,RANK,A3S8TCGE1CVC1P,0,ZP,5.09,75
0.02,RANK,A3S8TCGE1CVC1P,1,ZP,4.32,300
0.44,RANK,A3S8TCGE1CVC1P,0,ZP,6.487,150
0.03,RANK,A3S8TCGE1CVC1P,0,ZP,4.193,300
0.03,RANK,A1RATFICCKLCQ,1,WB,49.727,300
0.12,RANK,A1RATFICCKLCQ,0,WB,29.287,150
0.03,RANK,A1RATFICCKLCQ,1,WB,0.351,75
0.05,RANK,A1RATFICCKLCQ,1,WB,7.021,75
0.07,RANK,A1RATFICCKLCQ,0,WB,13.359,150
0.03,RANK,A1RATFICCKLCQ,1,WB,27.675,150
0.03,RANK,A1RATFICCKLCQ,1,WB,18.649,150
0.04,RANK,A1RATFICCKLCQ,1,WB,9.425,75
0.03,RANK,A1RATFICCKLCQ,1,WB,7.393,75
0.02,RANK,A1RATFICCKLCQ,1,WB,58.977,300
0.18,RANK,A1RATFICCKLCQ,0,WB,28.098,300
0.03,RANK,A1RATFICCKLCQ,1,WB,24.912,300
0.01,RANK,A1RATFICCKLCQ,1,WB,14.42,75
0.05,RANK,A1RATFICCKLCQ,1,WB,9.677,75
0.04,RANK,A1RATFICCKLCQ,1,WB,14.778,150
0.0,RANK,A1RATFICCKLCQ,1,WB,21.4,300
0.09,RANK,A1RATFICCKLCQ,0,WB,17.78,150
0.03,RANK,A1RATFICCKLCQ,1,WB,12.361,75
0.01,RANK,A1RATFICCKLCQ,1,WB,18.594,300
0.04,RANK,A1RATFICCKLCQ,1,WB,6.332,75
0.03,RANK,A1RATFICCKLCQ,0,WB,24.872,300
0.1,RANK,A1RATFICCKLCQ,0,WB,27.24,150
0.05,RANK,A1RATFICCKLCQ,0,WB,18.43,300
0.07,RANK,A1RATFICCKLCQ,1,WB,21.945,75
0.01,RANK,A1RATFICCKLCQ,1,WB,17.101,150
0.03,RANK,A1RATFICCKLCQ,1,WB,19.871,300
0.01,RANK,A1RATFICCKLCQ,1,WB,7.153,75
0.05,RANK,A1RATFICCKLCQ,1,WB,8.692,150
0.01,RANK,A1RATFICCKLCQ,1,WB,6.029,300
0.14,RANK,A1RATFICCKLCQ,0,WB,19.745,150
0.04,RANK,A28URN0B675OIE,1,ZP,4.31,150
0.08,RANK,A28URN0B675OIE,1,ZP,2.726,75
0.25,RANK,A28URN0B675OIE,0,ZP,2.031,150
0.35,RANK,A28URN0B675OIE,0,ZP,4.97,300
0.1,RANK,A28URN0B675OIE,0,ZP,1.852,150
0.2,RANK,A28URN0B675OIE,0,ZP,2.2,300
0.85,RANK,A28URN0B675OIE,0,ZP,2.911,300
0.07,RANK,A28URN0B675OIE,1,ZP,2.689,75
0.19,RANK,A28URN0B675OIE,0,ZP,2.863,75
0.03,RANK,A28URN0B675OIE,1,ZP,2.184,150
0.05,RANK,A28URN0B675OIE,1,ZP,7.005,75
0.64,RANK,A28URN0B675OIE,0,ZP,2.268,300
0.26,RANK,A28URN0B675OIE,0,ZP,1.701,150
0.11,RANK,A28URN0B675OIE,1,ZP,1.891,75
0.04,RANK,A28URN0B675OIE,0,ZP,2.394,300
0.58,RANK,A28URN0B675OIE,0,ZP,2.677,150
0.38,RANK,A28URN0B675OIE,0,ZP,2.68,75
0.22,RANK,A28URN0B675OIE,0,ZP,1.064,75
0.57,RANK,A28URN0B675OIE,0,ZP,3.767,75
0.4,RANK,A28URN0B675OIE,0,ZP,1.957,150
0.16,RANK,A28URN0B675OIE,0,ZP,3.84,75
0.19,RANK,A28URN0B675OIE,0,ZP,3.615,300
0.05,RANK,A28URN0B675OIE,1,ZP,1.981,150
0.86,RANK,A28URN0B675OIE,0,ZP,1.736,300
0.23,RANK,A28URN0B675OIE,0,ZP,4.589,150
0.1,RANK,A28URN0B675OIE,0,ZP,2.915,300
0.31,RANK,A28URN0B675OIE,0,ZP,1.193,300
0.33,RANK,A28URN0B675OIE,0,ZP,3.572,150
0.24,RANK,A28URN0B675OIE,0,ZP,7.07,75
0.44,RANK,A28URN0B675OIE,0,ZP,1.915,300
0.02,RANK,A1BH6H9WRK49I,1,ZP,11.34,300
0.02,RANK,A1BH6H9WRK49I,1,ZP,13.174,150
0.03,RANK,A1BH6H9WRK49I,1,ZP,6.094,150
0.0,RANK,A1BH6H9WRK49I,1,ZP,10.384,75
0.04,RANK,A1BH6H9WRK49I,1,ZP,5.104,75
0.03,RANK,A1BH6H9WRK49I,1,ZP,17.936,300
0.08,RANK,A1BH6H9WRK49I,0,ZP,5.246,150
0.01,RANK,A1BH6H9WRK49I,1,ZP,4.492,75
0.05,RANK,A1BH6H9WRK49I,1,ZP,10.974,75
0.01,RANK,A1BH6H9WRK49I,1,ZP,4.632,75
0.02,RANK,A1BH6H9WRK49I,1,ZP,3.504,300
0.05,RANK,A1BH6H9WRK49I,1,ZP,3.526,75
0.03,RANK,A1BH6H9WRK49I,1,ZP,3.654,300
0.09,RANK,A1BH6H9WRK49I,1,ZP,4.46,75
0.03,RANK,A1BH6H9WRK49I,1,ZP,2.982,150
0.11,RANK,A1BH6H9WRK49I,1,ZP,7.04,75
0.09,RANK,A1BH6H9WRK49I,0,ZP,3.852,300
0.1,RANK,A1BH6H9WRK49I,0,ZP,4.318,150
0.19,RANK,A1BH6H9WRK49I,0,ZP,2.618,150
0.03,RANK,A1BH6H9WRK49I,1,ZP,4.782,150
0.11,RANK,A1BH6H9WRK49I,0,ZP,3.684,150
0.03,RANK,A1BH6H9WRK49I,1,ZP,8.434,75
0.03,RANK,A1BH6H9WRK49I,0,ZP,2.372,300
0.06,RANK,A1BH6H9WRK49I,0,ZP,1.75,300
0.01,RANK,A1BH6H9WRK49I,1,ZP,3.708,150
0.07,RANK,A1BH6H9WRK49I,0,ZP,2.892,150
0.03,RANK,A1BH6H9WRK49I,1,ZP,4.522,75
0.01,RANK,A1BH6H9WRK49I,1,ZP,4.708,300
0.15,RANK,A1BH6H9WRK49I,0,ZP,2.292,300
0.01,RANK,A1BH6H9WRK49I,1,ZP,3.54,300
0.28,RANK,APLHXZEW3QCVP,0,ZP,11.821,75
0.08,RANK,APLHXZEW3QCVP,0,ZP,4.899,300
0.07,RANK,APLHXZEW3QCVP,0,ZP,4.386,150
0.13,RANK,APLHXZEW3QCVP,0,ZP,3.41,300
0.03,RANK,APLHXZEW3QCVP,1,ZP,4.77,75
0.18,RANK,APLHXZEW3QCVP,0,ZP,8.965,150
0.01,RANK,APLHXZEW3QCVP,1,ZP,3.417,300
0.03,RANK,APLHXZEW3QCVP,1,ZP,5.073,75
0.14,RANK,APLHXZEW3QCVP,0,ZP,7.066,300
0.09,RANK,APLHXZEW3QCVP,0,ZP,2.106,300
0.19,RANK,APLHXZEW3QCVP,0,ZP,8.884,150
0.17,RANK,APLHXZEW3QCVP,0,ZP,9.335,150
0.12,RANK,APLHXZEW3QCVP,0,ZP,11.695,300
0.09,RANK,APLHXZEW3QCVP,1,ZP,20.411,75
0.1,RANK,APLHXZEW3QCVP,0,ZP,3.886,150
0.06,RANK,APLHXZEW3QCVP,1,ZP,3.111,150
0.23,RANK,APLHXZEW3QCVP,0,ZP,2.005,150
0.01,RANK,APLHXZEW3QCVP,1,ZP,4.241,75
0.12,RANK,APLHXZEW3QCVP,1,ZP,2.11,75
0.04,RANK,APLHXZEW3QCVP,1,ZP,2.562,150
0.16,RANK,APLHXZEW3QCVP,0,ZP,5.501,300
0.09,RANK,APLHXZEW3QCVP,0,ZP,3.532,300
0.01,RANK,APLHXZEW3QCVP,1,ZP,4.974,150
0.12,RANK,APLHXZEW3QCVP,1,ZP,4.313,75
0.1,RANK,APLHXZEW3QCVP,0,ZP,5.241,300
0.07,RANK,APLHXZEW3QCVP,1,ZP,4.266,75
0.03,RANK,APLHXZEW3QCVP,0,ZP,3.43,300
0.03,RANK,APLHXZEW3QCVP,1,ZP,3.81,75
0.05,RANK,APLHXZEW3QCVP,1,ZP,8.537,150
0.18,RANK,APLHXZEW3QCVP,0,ZP,7.956,75
0.09,RANK,A2AWBDW9V1E9KT,0,LL,20.658,150
0.1,RANK,A2AWBDW9V1E9KT,0,LL,17.327,300
0.09,RANK,A2AWBDW9V1E9KT,0,LL,19.847,150
0.11,RANK,A2AWBDW9V1E9KT,1,LL,14.426,75
0.12,RANK,A2AWBDW9V1E9KT,0,LL,10.337,300
0.05,RANK,A2AWBDW9V1E9KT,1,LL,8.239,75
0.08,RANK,A2AWBDW9V1E9KT,1,LL,14.448,75
0.02,RANK,A2AWBDW9V1E9KT,1,LL,23.412,300
0.16,RANK,A2AWBDW9V1E9KT,0,LL,17.932,75
0.03,RANK,A2AWBDW9V1E9KT,1,LL,5.532,75
0.02,RANK,A2AWBDW9V1E9KT,1,LL,18.886,150
0.04,RANK,A2AWBDW9V1E9KT,1,LL,9.881,75
0.0,RANK,A2AWBDW9V1E9KT,1,LL,18.499,300
0.06,RANK,A2AWBDW9V1E9KT,0,LL,2.466,300
0.05,RANK,A2AWBDW9V1E9KT,1,LL,8.636,150
0.1,RANK,A2AWBDW9V1E9KT,0,LL,27.879,300
0.15,RANK,A2AWBDW9V1E9KT,0,LL,10.781,75
0.01,RANK,A2AWBDW9V1E9KT,1,LL,7.785,150
0.19,RANK,A2AWBDW9V1E9KT,0,LL,6.645,150
0.05,RANK,A2AWBDW9V1E9KT,0,LL,4.568,300
0.16,RANK,A2AWBDW9V1E9KT,0,LL,10.035,300
0.01,RANK,A2AWBDW9V1E9KT,1,LL,9.143,150
0.11,RANK,A2AWBDW9V1E9KT,1,LL,3.082,75
0.27,RANK,A2AWBDW9V1E9KT,0,LL,8.388,75
0.1,RANK,A2AWBDW9V1E9KT,0,LL,8.403,150
0.01,RANK,A2AWBDW9V1E9KT,1,LL,2.892,75
0.03,RANK,A2AWBDW9V1E9KT,0,LL,7.197,300
0.07,RANK,A2AWBDW9V1E9KT,0,LL,4.559,150
0.1,RANK,A2AWBDW9V1E9KT,0,LL,8.877,150
0.12,RANK,A2AWBDW9V1E9KT,0,LL,5.814,300
0.22,RANK,AS68QSR9OKM0N,0,WB,74.573,300
0.12,RANK,AS68QSR9OKM0N,0,WB,13.437,300
0.02,RANK,AS68QSR9OKM0N,1,WB,10.359,150
0.07,RANK,AS68QSR9OKM0N,0,WB,8.265,150
0.04,RANK,AS68QSR9OKM0N,0,WB,5.952,300
0.04,RANK,AS68QSR9OKM0N,1,WB,23.49,150
0.06,RANK,AS68QSR9OKM0N,0,WB,6.216,300
0.04,RANK,AS68QSR9OKM0N,1,WB,3.383,150
0.03,RANK,AS68QSR9OKM0N,1,WB,3.34,150
0.09,RANK,AS68QSR9OKM0N,0,WB,5.527,300
0.03,RANK,AS68QSR9OKM0N,1,WB,9.935,150
0.08,RANK,AS68QSR9OKM0N,1,WB,7.896,75
0.02,RANK,AS68QSR9OKM0N,1,WB,6.545,300
0.03,RANK,AS68QSR9OKM0N,1,WB,5.013,75
0.03,RANK,AS68QSR9OKM0N,1,WB,3.883,75
0.04,RANK,AS68QSR9OKM0N,1,WB,6.248,75
0.09,RANK,AS68QSR9OKM0N,1,WB,5.338,75
0.05,RANK,AS68QSR9OKM0N,1,WB,7.725,150
0.05,RANK,AS68QSR9OKM0N,1,WB,4.138,75
0.05,RANK,AS68QSR9OKM0N,1,WB,5.15,75
0.07,RANK,AS68QSR9OKM0N,0,WB,7.207,150
0.04,RANK,AS68QSR9OKM0N,0,WB,10.04,300
0.03,RANK,AS68QSR9OKM0N,1,WB,5.966,300
0.01,RANK,AS68QSR9OKM0N,1,WB,3.622,150
0.1,RANK,AS68QSR9OKM0N,0,WB,4.809,300
0.01,RANK,AS68QSR9OKM0N,1,WB,3.148,75
0.07,RANK,AS68QSR9OKM0N,0,WB,8.33,300
0.05,RANK,AS68QSR9OKM0N,1,WB,7.534,150
0.03,RANK,AS68QSR9OKM0N,1,WB,10.407,75
0.14,RANK,AS68QSR9OKM0N,0,WB,8.071,75
0.05,RANK,A1KEAHVVML6319,1,KB,14.322,75
0.7,RANK,A1KEAHVVML6319,0,KB,4.475,150
0.2,RANK,A1KEAHVVML6319,0,KB,2.432,75
0.71,RANK,A1KEAHVVML6319,0,KB,3.219,300
0.2,RANK,A1KEAHVVML6319,0,KB,3.926,300
0.23,RANK,A1KEAHVVML6319,0,KB,5.456,75
0.7,RANK,A1KEAHVVML6319,0,KB,4.507,150
0.09,RANK,A1KEAHVVML6319,0,KB,4.629,150
0.03,RANK,A1KEAHVVML6319,0,KB,2.145,300
0.15,RANK,A1KEAHVVML6319,0,KB,1.558,300
0.5,RANK,A1KEAHVVML6319,0,KB,8.817,75
0.86,RANK,A1KEAHVVML6319,0,KB,3.088,300
0.21,RANK,A1KEAHVVML6319,0,KB,1.832,300
0.08,RANK,A1KEAHVVML6319,0,KB,1.765,150
0.51,RANK,A1KEAHVVML6319,0,KB,1.303,75
0.45,RANK,A1KEAHVVML6319,0,KB,1.644,300
0.28,RANK,A1KEAHVVML6319,0,KB,3.543,300
0.03,RANK,A1KEAHVVML6319,1,KB,1.913,300
0.19,RANK,A1KEAHVVML6319,0,KB,3.1,150
0.31,RANK,A1KEAHVVML6319,0,KB,4.009,150
0.52,RANK,A1KEAHVVML6319,0,KB,4.421,150
0.01,RANK,A1KEAHVVML6319,1,KB,2.305,75
0.52,RANK,A1KEAHVVML6319,0,KB,1.922,150
0.56,RANK,A1KEAHVVML6319,0,KB,2.393,300
0.28,RANK,A1KEAHVVML6319,0,KB,1.363,75
0.23,RANK,A1KEAHVVML6319,0,KB,1.822,75
0.35,RANK,A1KEAHVVML6319,0,KB,1.63,75
0.07,RANK,A1KEAHVVML6319,0,KB,0.85,150
0.22,RANK,A1KEAHVVML6319,0,KB,1.393,150
0.24,RANK,A1KEAHVVML6319,0,KB,1.82,75
0.01,RANK,A63U6I4JM5APR,1,PB,10.908,75
0.1,RANK,A63U6I4JM5APR,0,PB,4.82,150
0.11,RANK,A63U6I4JM5APR,1,PB,7.458,75
0.07,RANK,A63U6I4JM5APR,1,PB,3.19,75
0.15,RANK,A63U6I4JM5APR,0,PB,11.17,150
0.09,RANK,A63U6I4JM5APR,0,PB,5.54,150
0.31,RANK,A63U6I4JM5APR,0,PB,2.056,75
0.33,RANK,A63U6I4JM5APR,0,PB,2.226,150
0.72,RANK,A63U6I4JM5APR,0,PB,6.512,300
0.3,RANK,A63U6I4JM5APR,0,PB,4.052,300
0.02,RANK,A63U6I4JM5APR,1,PB,5.282,300
0.03,RANK,A63U6I4JM5APR,1,PB,4.392,300
0.0,RANK,A63U6I4JM5APR,1,PB,4.424,300
0.16,RANK,A63U6I4JM5APR,0,PB,2.71,75
0.02,RANK,A63U6I4JM5APR,1,PB,5.054,300
0.05,RANK,A63U6I4JM5APR,1,PB,4.822,150
0.11,RANK,A63U6I4JM5APR,0,PB,3.452,150
0.03,RANK,A63U6I4JM5APR,1,PB,3.87,150
0.23,RANK,A63U6I4JM5APR,0,PB,5.524,300
0.15,RANK,A63U6I4JM5APR,0,PB,4.21,75
0.01,RANK,A63U6I4JM5APR,1,PB,5.79,75
0.15,RANK,A63U6I4JM5APR,0,PB,6.476,150
0.05,RANK,A63U6I4JM5APR,0,PB,5.5,300
0.06,RANK,A63U6I4JM5APR,0,PB,4.932,300
0.13,RANK,A63U6I4JM5APR,0,PB,4.316,150
0.03,RANK,A63U6I4JM5APR,1,PB,4.026,75
0.05,RANK,A63U6I4JM5APR,1,PB,3.068,75
0.03,RANK,A63U6I4JM5APR,1,PB,4.608,75
0.1,RANK,A63U6I4JM5APR,0,PB,5.43,300
0.11,RANK,A63U6I4JM5APR,0,PB,5.52,150
0.07,RANK,A2HM35CWB7IIFM,1,PB,9.18,75
0.26,RANK,A2HM35CWB7IIFM,0,PB,15.272,150
0.03,RANK,A2HM35CWB7IIFM,0,PB,8.594,300
0.16,RANK,A2HM35CWB7IIFM,0,PB,8.38,150
0.07,RANK,A2HM35CWB7IIFM,0,PB,9.51,300
0.04,RANK,A2HM35CWB7IIFM,1,PB,7.16,75
0.03,RANK,A2HM35CWB7IIFM,1,PB,7.826,75
0.06,RANK,A2HM35CWB7IIFM,0,PB,9.15,300
0.08,RANK,A2HM35CWB7IIFM,0,PB,8.85,300
0.17,RANK,A2HM35CWB7IIFM,0,PB,7.002,150
0.09,RANK,A2HM35CWB7IIFM,1,PB,6.898,75
0.01,RANK,A2HM35CWB7IIFM,1,PB,8.976,150
0.04,RANK,A2HM35CWB7IIFM,0,PB,9.784,300
0.12,RANK,A2HM35CWB7IIFM,1,PB,7.866,75
0.05,RANK,A2HM35CWB7IIFM,1,PB,6.446,75
0.15,RANK,A2HM35CWB7IIFM,0,PB,9.326,150
0.0,RANK,A2HM35CWB7IIFM,1,PB,7.42,150
0.05,RANK,A2HM35CWB7IIFM,0,PB,6.254,300
0.01,RANK,A2HM35CWB7IIFM,1,PB,9.18,150
0.11,RANK,A2HM35CWB7IIFM,0,PB,6.726,150
0.18,RANK,A2HM35CWB7IIFM,0,PB,7.47,150
0.15,RANK,A2HM35CWB7IIFM,0,PB,6.33,75
0.23,RANK,A2HM35CWB7IIFM,0,PB,5.22,150
0.11,RANK,A2HM35CWB7IIFM,1,PB,7.56,75
0.16,RANK,A2HM35CWB7IIFM,0,PB,8.218,300
0.05,RANK,A2HM35CWB7IIFM,1,PB,7.56,75
0.05,RANK,A2HM35CWB7IIFM,0,PB,10.75,300
0.15,RANK,A2HM35CWB7IIFM,0,PB,5.384,300
0.04,RANK,A2HM35CWB7IIFM,1,PB,8.41,75
0.23,RANK,A2HM35CWB7IIFM,0,PB,5.852,300
0.01,RANK,ATHS9CW2FLYUY,1,ZP,3.837,75
0.03,RANK,ATHS9CW2FLYUY,1,ZP,2.741,150
0.03,RANK,ATHS9CW2FLYUY,1,ZP,2.394,300
0.02,RANK,ATHS9CW2FLYUY,1,ZP,2.122,150
0.11,RANK,ATHS9CW2FLYUY,0,ZP,2.905,150
0.07,RANK,ATHS9CW2FLYUY,0,ZP,1.871,300
0.04,RANK,ATHS9CW2FLYUY,1,ZP,1.828,150
0.05,RANK,ATHS9CW2FLYUY,1,ZP,5.681,75
0.12,RANK,ATHS9CW2FLYUY,0,ZP,2.756,150
0.05,RANK,ATHS9CW2FLYUY,0,ZP,3.72,300
0.03,RANK,ATHS9CW2FLYUY,1,ZP,3.332,150
0.03,RANK,ATHS9CW2FLYUY,1,ZP,2.865,75
0.07,RANK,ATHS9CW2FLYUY,0,ZP,2.256,150
0.0,RANK,ATHS9CW2FLYUY,1,ZP,2.303,300
0.03,RANK,ATHS9CW2FLYUY,0,ZP,2.675,300
0.05,RANK,ATHS9CW2FLYUY,1,ZP,2.475,75
0.03,RANK,ATHS9CW2FLYUY,1,ZP,3.422,75
0.05,RANK,ATHS9CW2FLYUY,0,ZP,1.893,300
0.03,RANK,ATHS9CW2FLYUY,1,ZP,4.655,300
0.22,RANK,ATHS9CW2FLYUY,0,ZP,10.731,300
0.03,RANK,ATHS9CW2FLYUY,1,ZP,3.116,150
0.09,RANK,ATHS9CW2FLYUY,0,ZP,1.959,300
0.04,RANK,ATHS9CW2FLYUY,1,ZP,2.776,75
0.14,RANK,ATHS9CW2FLYUY,0,ZP,1.543,150
0.16,RANK,ATHS9CW2FLYUY,0,ZP,1.51,75
0.07,RANK,ATHS9CW2FLYUY,1,ZP,2.19,75
0.05,RANK,ATHS9CW2FLYUY,1,ZP,1.057,75
0.01,RANK,ATHS9CW2FLYUY,1,ZP,2.295,150
0.04,RANK,ATHS9CW2FLYUY,1,ZP,2.097,75
0.03,RANK,ATHS9CW2FLYUY,1,ZP,1.479,300
0.04,RANK,A1NM7ZPZ3NH412,1,KB,3.685,75
0.26,RANK,A1NM7ZPZ3NH412,0,KB,0.076,150
0.15,RANK,A1NM7ZPZ3NH412,0,KB,2.145,75
0.18,RANK,A1NM7ZPZ3NH412,0,KB,3.35,300
0.07,RANK,A1NM7ZPZ3NH412,0,KB,2.082,300
0.09,RANK,A1NM7ZPZ3NH412,0,KB,3.259,150
0.18,RANK,A1NM7ZPZ3NH412,0,KB,4.875,75
0.03,RANK,A1NM7ZPZ3NH412,1,KB,2.172,150
0.0,RANK,A1NM7ZPZ3NH412,1,KB,2.235,150
0.36,RANK,A1NM7ZPZ3NH412,0,KB,2.338,75
0.12,RANK,A1NM7ZPZ3NH412,0,KB,1.607,150
0.04,RANK,A1NM7ZPZ3NH412,1,KB,2.218,75
0.02,RANK,A1NM7ZPZ3NH412,1,KB,1.877,300
0.18,RANK,A1NM7ZPZ3NH412,0,KB,1.374,150
0.11,RANK,A1NM7ZPZ3NH412,0,KB,2.04,150
0.46,RANK,A1NM7ZPZ3NH412,0,KB,1.624,75
0.33,RANK,A1NM7ZPZ3NH412,0,KB,1.652,300
0.1,RANK,A1NM7ZPZ3NH412,0,KB,1.333,300
0.03,RANK,A1NM7ZPZ3NH412,1,KB,2.746,150
0.14,RANK,A1NM7ZPZ3NH412,0,KB,1.992,150
0.04,RANK,A1NM7ZPZ3NH412,0,KB,4.368,300
0.3,RANK,A1NM7ZPZ3NH412,0,KB,1.524,75
0.05,RANK,A1NM7ZPZ3NH412,1,KB,1.869,75
0.14,RANK,A1NM7ZPZ3NH412,0,KB,1.852,75
0.03,RANK,A1NM7ZPZ3NH412,1,KB,2.562,300
0.36,RANK,A1NM7ZPZ3NH412,0,KB,2.568,150
0.05,RANK,A1NM7ZPZ3NH412,0,KB,1.611,300
0.19,RANK,A1NM7ZPZ3NH412,0,KB,1.69,75
0.29,RANK,A1NM7ZPZ3NH412,0,KB,1.651,300
0.04,RANK,A1NM7ZPZ3NH412,0,KB,2.736,300
0.07,RANK,A21TGZU9EXJ272,1,LL,6.613,75
0.01,RANK,A21TGZU9EXJ272,1,LL,6.72,75
0.11,RANK,A21TGZU9EXJ272,0,LL,6.878,150
0.03,RANK,A21TGZU9EXJ272,1,LL,6.916,300
0.38,RANK,A21TGZU9EXJ272,0,LL,3.906,75
0.46,RANK,A21TGZU9EXJ272,0,LL,1.369,150
0.23,RANK,A21TGZU9EXJ272,0,LL,1.521,300
0.36,RANK,A21TGZU9EXJ272,0,LL,0.976,150
0.38,RANK,A21TGZU9EXJ272,0,LL,1.053,75
0.22,RANK,A21TGZU9EXJ272,0,LL,0.751,300
0.09,RANK,A21TGZU9EXJ272,0,LL,1.798,300
0.52,RANK,A21TGZU9EXJ272,0,LL,0.651,300
0.01,RANK,A21TGZU9EXJ272,1,LL,0.959,300
0.1,RANK,A21TGZU9EXJ272,0,LL,0.836,300
0.05,RANK,A21TGZU9EXJ272,1,LL,0.889,75
0.06,RANK,A21TGZU9EXJ272,0,LL,0.558,300
0.07,RANK,A21TGZU9EXJ272,0,LL,0.791,150
0.32,RANK,A21TGZU9EXJ272,0,LL,0.995,300
0.16,RANK,A21TGZU9EXJ272,0,LL,0.987,75
0.24,RANK,A21TGZU9EXJ272,0,LL,0.898,150
0.43,RANK,A21TGZU9EXJ272,0,LL,1.202,75
0.36,RANK,A21TGZU9EXJ272,0,LL,2.787,75
0.59,RANK,A21TGZU9EXJ272,0,LL,1.673,75
0.15,RANK,A21TGZU9EXJ272,0,LL,2.835,75
0.02,RANK,A21TGZU9EXJ272,1,LL,1.468,300
0.58,RANK,A21TGZU9EXJ272,0,LL,1.713,150
0.36,RANK,A21TGZU9EXJ272,0,LL,7.939,300
0.21,RANK,A21TGZU9EXJ272,0,LL,5.463,150
0.01,RANK,A21TGZU9EXJ272,1,LL,6.274,150
0.3,RANK,A21TGZU9EXJ272,0,LL,2.569,150
0.5,RANK,A21TGZU9EXJ272,0,LL,4.218,150
0.13,RANK,A141N2XGQXKPME,0,KB,4.972,300
0.13,RANK,A141N2XGQXKPME,0,KB,1.899,300
0.66,RANK,A141N2XGQXKPME,0,KB,0.572,75
0.15,RANK,A141N2XGQXKPME,0,KB,1.107,150
0.42,RANK,A141N2XGQXKPME,0,KB,0.959,150
0.23,RANK,A141N2XGQXKPME,0,KB,0.639,75
0.58,RANK,A141N2XGQXKPME,0,KB,0.203,75
0.01,RANK,A141N2XGQXKPME,1,KB,0.758,75
0.03,RANK,A141N2XGQXKPME,1,KB,1.066,75
0.03,RANK,A141N2XGQXKPME,0,KB,4.449,300
0.5,RANK,A141N2XGQXKPME,0,KB,1.134,150
0.39,RANK,A141N2XGQXKPME,0,KB,0.201,300
0.59,RANK,A141N2XGQXKPME,0,KB,0.895,300
0.72,RANK,A141N2XGQXKPME,0,KB,1.792,300
0.3,RANK,A141N2XGQXKPME,0,KB,0.821,75
0.36,RANK,A141N2XGQXKPME,0,KB,1.462,75
0.01,RANK,A141N2XGQXKPME,1,KB,0.56,75
0.26,RANK,A141N2XGQXKPME,0,KB,1.25,150
0.15,RANK,A141N2XGQXKPME,0,KB,0.728,300
0.29,RANK,A141N2XGQXKPME,0,KB,1.38,300
0.18,RANK,A141N2XGQXKPME,0,KB,4.412,150
0.24,RANK,A141N2XGQXKPME,0,KB,4.551,150
0.18,RANK,A141N2XGQXKPME,0,KB,2.314,75
0.37,RANK,A141N2XGQXKPME,0,KB,1.47,300
0.0,RANK,A141N2XGQXKPME,1,KB,1.624,150
0.44,RANK,A141N2XGQXKPME,0,KB,1.623,150
0.12,RANK,A141N2XGQXKPME,0,KB,1.14,300
0.16,RANK,A141N2XGQXKPME,0,KB,0.918,300
0.07,RANK,A141N2XGQXKPME,1,KB,1.227,75
0.21,RANK,A141N2XGQXKPME,0,KB,1.533,150
